from,to
1,2
1,1007
1,1008
2,3
2,1003
2,1008
2,1009
3,4
3,1003
3,1004
3,1009
3,1010
4,5
4,1004
4,1005
4,1010
4,1011
5,1005
5,1011
5,1012
6,7
6,1015
6,1016
7,8
7,1006
7,1016
7,1017
8,9
8,1006
8,1007
8,1017
8,1018
9,10
9,1007
9,1008
9,1018
9,1019
10,11
10,1008
10,1009
10,1019
10,1020
11,12
11,1009
11,1010
11,1020
11,1021
12,13
12,1010
12,1011
12,1021
12,1022
13,14
13,1011
13,1012
13,1022
13,1023
14,15
14,1012
14,1013
14,1023
14,1024
15,16
15,1013
15,1024
15,1025
16,1025
16,1026
17,18
17,1028
17,1029
18,19
18,1014
18,1029
18,1030
19,20
19,1014
19,1015
19,1030
19,1031
20,21
20,1015
20,1016
20,1031
20,1032
21,22
21,1016
21,1017
21,1032
21,1033
22,23
22,1017
22,1018
22,1033
22,1034
23,24
23,1018
23,1019
23,1034
23,1035
24,25
24,1019
24,1020
24,1035
24,1036
25,26
25,1020
25,1021
25,1036
25,1037
26,27
26,1021
26,1022
26,1037
26,1038
27,28
27,1022
27,1023
27,1038
27,1039
28,29
28,1023
28,1024
28,1039
28,1040
29,30
29,1024
29,1025
29,1040
29,1041
30,31
30,1025
30,1026
30,1041
30,1042
31,32
31,1026
31,1042
31,1043
32,1043
32,1044
33,34
33,1046
33,1047
34,35
34,1027
34,1047
34,1048
35,36
35,1027
35,1028
35,1048
35,1049
36,37
36,1028
36,1029
36,1049
36,1050
37,38
37,1029
37,1030
37,1050
37,1051
38,39
38,1030
38,1031
38,1051
38,1052
39,40
39,1031
39,1032
39,1052
39,1053
40,41
40,1032
40,1033
40,1053
40,1054
41,42
41,1033
41,1034
41,1054
41,1055
42,43
42,1034
42,1035
42,1055
42,1056
43,44
43,1035
43,1036
43,1056
43,1057
44,45
44,1036
44,1037
44,1057
44,1058
45,46
45,1037
45,1038
45,1058
45,1059
46,47
46,1038
46,1039
46,1059
46,1060
47,48
47,1039
47,1040
47,1060
47,1061
48,49
48,1040
48,1041
48,1061
48,1062
49,50
49,1041
49,1042
49,1062
49,1063
50,51
50,1042
50,1043
50,1063
50,1064
51,52
51,1043
51,1044
51,1064
51,1065
52,53
52,1044
52,1065
52,1066
53,1066
53,1067
54,55
54,1045
54,1072
54,1073
55,56
55,1045
55,1046
55,1073
55,1074
56,57
56,1046
56,1047
56,1074
56,1075
57,58
57,1047
57,1048
57,1075
57,1076
58,59
58,1048
58,1049
58,1076
58,1077
59,60
59,1049
59,1050
59,1077
59,1078
60,61
60,1050
60,1051
60,1078
60,1079
61,62
61,1051
61,1052
61,1079
61,1080
62,63
62,1052
62,1053
62,1080
62,1081
63,64
63,1053
63,1054
63,1081
63,1082
64,65
64,1054
64,1055
64,1082
64,1083
65,66
65,1055
65,1056
65,1083
65,1084
66,67
66,1056
66,1057
66,1084
66,1085
67,68
67,1057
67,1058
67,1085
67,1086
68,69
68,1058
68,1059
68,1086
68,1087
69,70
69,1059
69,1060
69,1087
69,1088
70,71
70,1060
70,1061
70,1088
70,1089
71,72
71,1061
71,1062
71,1089
71,1090
72,73
72,1062
72,1063
72,1090
72,1091
73,74
73,1063
73,1064
73,1091
73,1092
74,75
74,1064
74,1065
74,1092
74,1093
75,76
75,1065
75,1066
75,1093
75,1094
76,77
76,1066
76,1067
76,1094
76,1095
77,78
77,1067
77,1068
77,1095
77,1096
78,79
78,1068
78,1069
78,1096
78,1097
79,80
79,1069
79,1070
79,1097
79,1098
80,81
80,1070
80,1098
80,1099
81,82
81,1099
81,1100
82,1100
82,1101
83,84
83,1071
83,1105
83,1106
84,85
84,1071
84,1072
84,1106
84,1107
85,86
85,1072
85,1073
85,1107
85,1108
86,87
86,1073
86,1074
86,1108
86,1109
87,88
87,1074
87,1075
87,1109
87,1110
88,89
88,1075
88,1076
88,1110
88,1111
89,90
89,1076
89,1077
89,1111
89,1112
90,91
90,1077
90,1078
90,1112
90,1113
91,92
91,1078
91,1079
91,1113
91,1114
92,93
92,1079
92,1080
92,1114
92,1115
93,94
93,1080
93,1081
93,1115
93,1116
94,95
94,1081
94,1082
94,1116
94,1117
95,96
95,1082
95,1083
95,1117
95,1118
96,97
96,1083
96,1084
96,1118
96,1119
97,98
97,1084
97,1085
97,1119
97,1120
98,99
98,1085
98,1086
98,1120
98,1121
99,100
99,1086
99,1087
99,1121
99,1122
100,101
100,1087
100,1088
100,1122
100,1123
101,102
101,1088
101,1089
101,1123
101,1124
102,103
102,1089
102,1090
102,1124
102,1125
103,104
103,1090
103,1091
103,1125
103,1126
104,105
104,1091
104,1092
104,1126
104,1127
105,106
105,1092
105,1093
105,1127
105,1128
106,107
106,1093
106,1094
106,1128
106,1129
107,108
107,1094
107,1095
107,1129
107,1130
108,109
108,1095
108,1096
108,1130
108,1131
109,110
109,1096
109,1097
109,1131
109,1132
110,111
110,1097
110,1098
110,1132
110,1133
111,112
111,1098
111,1099
111,1133
111,1134
112,113
112,1099
112,1100
112,1134
112,1135
113,114
113,1100
113,1101
113,1135
113,1136
114,115
114,1101
114,1102
114,1136
114,1137
115,116
115,1102
115,1103
115,1137
115,1138
116,117
116,1103
116,1138
116,1139
117,118
117,1139
117,1140
118,119
118,1140
118,1141
119,1141
119,1142
120,121
120,1104
120,1144
120,1145
121,122
121,1104
121,1105
121,1145
121,1146
122,123
122,1105
122,1106
122,1146
122,1147
123,124
123,1106
123,1107
123,1147
123,1148
124,125
124,1107
124,1108
124,1148
124,1149
125,126
125,1108
125,1109
125,1149
125,1150
126,127
126,1109
126,1110
126,1150
126,1151
127,128
127,1110
127,1111
127,1151
127,1152
128,129
128,1111
128,1112
128,1152
128,1153
129,130
129,1112
129,1113
129,1153
129,1154
130,131
130,1113
130,1114
130,1154
130,1155
131,132
131,1114
131,1115
131,1155
131,1156
132,133
132,1115
132,1116
132,1156
132,1157
133,134
133,1116
133,1117
133,1157
133,1158
134,135
134,1117
134,1118
134,1158
134,1159
135,136
135,1118
135,1119
135,1159
135,1160
136,137
136,1119
136,1120
136,1160
136,1161
137,138
137,1120
137,1121
137,1161
137,1162
138,139
138,1121
138,1122
138,1162
138,1163
139,140
139,1122
139,1123
139,1163
139,1164
140,141
140,1123
140,1124
140,1164
140,1165
141,142
141,1124
141,1125
141,1165
141,1166
142,143
142,1125
142,1126
142,1166
142,1167
143,144
143,1126
143,1127
143,1167
143,1168
144,145
144,1127
144,1128
144,1168
144,1169
145,146
145,1128
145,1129
145,1169
145,1170
146,147
146,1129
146,1130
146,1170
146,1171
147,148
147,1130
147,1131
147,1171
147,1172
148,149
148,1131
148,1132
148,1172
148,1173
149,150
149,1132
149,1133
149,1173
149,1174
150,151
150,1133
150,1134
150,1174
150,1175
151,152
151,1134
151,1135
151,1175
151,1176
152,153
152,1135
152,1136
152,1176
152,1177
153,154
153,1136
153,1137
153,1177
153,1178
154,155
154,1137
154,1138
154,1178
154,1179
155,156
155,1138
155,1139
155,1179
155,1180
156,157
156,1139
156,1140
156,1180
156,1181
157,158
157,1140
157,1141
157,1181
157,1182
158,159
158,1141
158,1142
158,1182
158,1183
159,1142
159,1183
159,1184
160,161
160,1143
160,1186
160,1187
161,162
161,1143
161,1144
161,1187
161,1188
162,163
162,1144
162,1145
162,1188
162,1189
163,164
163,1145
163,1146
163,1189
163,1190
164,165
164,1146
164,1147
164,1190
164,1191
165,166
165,1147
165,1148
165,1191
165,1192
166,167
166,1148
166,1149
166,1192
166,1193
167,168
167,1149
167,1150
167,1193
167,1194
168,169
168,1150
168,1151
168,1194
168,1195
169,170
169,1151
169,1152
169,1195
169,1196
170,171
170,1152
170,1153
170,1196
170,1197
171,172
171,1153
171,1154
171,1197
171,1198
172,173
172,1154
172,1155
172,1198
172,1199
173,174
173,1155
173,1156
173,1199
173,1200
174,175
174,1156
174,1157
174,1200
174,1201
175,176
175,1157
175,1158
175,1201
175,1202
176,177
176,1158
176,1159
176,1202
176,1203
177,178
177,1159
177,1160
177,1203
177,1204
178,179
178,1160
178,1161
178,1204
178,1205
179,180
179,1161
179,1162
179,1205
179,1206
180,181
180,1162
180,1163
180,1206
180,1207
181,182
181,1163
181,1164
181,1207
181,1208
182,183
182,1164
182,1165
182,1208
182,1209
183,184
183,1165
183,1166
183,1209
183,1210
184,185
184,1166
184,1167
184,1210
184,1211
185,186
185,1167
185,1168
185,1211
185,1212
186,187
186,1168
186,1169
186,1212
186,1213
187,188
187,1169
187,1170
187,1213
187,1214
188,189
188,1170
188,1171
188,1214
188,1215
189,190
189,1171
189,1172
189,1215
189,1216
190,191
190,1172
190,1173
190,1216
190,1217
191,192
191,1173
191,1174
191,1217
191,1218
192,193
192,1174
192,1175
192,1218
192,1219
193,194
193,1175
193,1176
193,1219
193,1220
194,195
194,1176
194,1177
194,1220
194,1221
195,196
195,1177
195,1178
195,1221
195,1222
196,197
196,1178
196,1179
196,1222
196,1223
197,198
197,1179
197,1180
197,1223
197,1224
198,199
198,1180
198,1181
198,1224
198,1225
199,200
199,1181
199,1182
199,1225
199,1226
200,201
200,1182
200,1183
200,1226
200,1227
201,202
201,1183
201,1184
201,1227
201,1228
202,1184
202,1228
202,1229
203,204
203,1230
203,1231
204,205
204,1185
204,1231
204,1232
205,206
205,1185
205,1186
205,1232
205,1233
206,207
206,1186
206,1187
206,1233
206,1234
207,208
207,1187
207,1188
207,1234
207,1235
208,209
208,1188
208,1189
208,1235
208,1236
209,210
209,1189
209,1190
209,1236
209,1237
210,211
210,1190
210,1191
210,1237
210,1238
211,212
211,1191
211,1192
211,1238
211,1239
212,213
212,1192
212,1193
212,1239
212,1240
213,214
213,1193
213,1194
213,1240
213,1241
214,215
214,1194
214,1195
214,1241
214,1242
215,216
215,1195
215,1196
215,1242
215,1243
216,217
216,1196
216,1197
216,1243
216,1244
217,218
217,1197
217,1198
217,1244
217,1245
218,219
218,1198
218,1199
218,1245
218,1246
219,220
219,1199
219,1200
219,1246
219,1247
220,221
220,1200
220,1201
220,1247
220,1248
221,222
221,1201
221,1202
221,1248
221,1249
222,223
222,1202
222,1203
222,1249
222,1250
223,224
223,1203
223,1204
223,1250
223,1251
224,225
224,1204
224,1205
224,1251
224,1252
225,226
225,1205
225,1206
225,1252
225,1253
226,227
226,1206
226,1207
226,1253
226,1254
227,228
227,1207
227,1208
227,1254
227,1255
228,229
228,1208
228,1209
228,1255
228,1256
229,230
229,1209
229,1210
229,1256
229,1257
230,231
230,1210
230,1211
230,1257
230,1258
231,232
231,1211
231,1212
231,1258
231,1259
232,233
232,1212
232,1213
232,1259
232,1260
233,234
233,1213
233,1214
233,1260
233,1261
234,235
234,1214
234,1215
234,1261
234,1262
235,236
235,1215
235,1216
235,1262
235,1263
236,237
236,1216
236,1217
236,1263
236,1264
237,238
237,1217
237,1218
237,1264
237,1265
238,239
238,1218
238,1219
238,1265
238,1266
239,240
239,1219
239,1220
239,1266
239,1267
240,241
240,1220
240,1221
240,1267
240,1268
241,242
241,1221
241,1222
241,1268
241,1269
242,243
242,1222
242,1223
242,1269
242,1270
243,244
243,1223
243,1224
243,1270
243,1271
244,245
244,1224
244,1225
244,1271
244,1272
245,246
245,1225
245,1226
245,1272
245,1273
246,247
246,1226
246,1227
246,1273
246,1274
247,248
247,1227
247,1228
247,1274
247,1275
248,249
248,1228
248,1229
248,1275
248,1276
249,1229
249,1276
250,251
250,1277
250,1278
251,252
251,1230
251,1278
251,1279
252,253
252,1230
252,1231
252,1279
252,1280
253,254
253,1231
253,1232
253,1280
253,1281
254,255
254,1232
254,1233
254,1281
254,1282
255,256
255,1233
255,1234
255,1282
255,1283
256,257
256,1234
256,1235
256,1283
256,1284
257,258
257,1235
257,1236
257,1284
257,1285
258,259
258,1236
258,1237
258,1285
258,1286
259,260
259,1237
259,1238
259,1286
259,1287
260,261
260,1238
260,1239
260,1287
260,1288
261,262
261,1239
261,1240
261,1288
261,1289
262,263
262,1240
262,1241
262,1289
262,1290
263,264
263,1241
263,1242
263,1290
263,1291
264,265
264,1242
264,1243
264,1291
264,1292
265,266
265,1243
265,1244
265,1292
265,1293
266,267
266,1244
266,1245
266,1293
266,1294
267,268
267,1245
267,1246
267,1294
267,1295
268,269
268,1246
268,1247
268,1295
268,1296
269,270
269,1247
269,1248
269,1296
269,1297
270,271
270,1248
270,1249
270,1297
270,1298
271,272
271,1249
271,1250
271,1298
271,1299
272,273
272,1250
272,1251
272,1299
272,1300
273,274
273,1251
273,1252
273,1300
273,1301
274,275
274,1252
274,1253
274,1301
274,1302
275,276
275,1253
275,1254
275,1302
275,1303
276,277
276,1254
276,1255
276,1303
276,1304
277,278
277,1255
277,1256
277,1304
277,1305
278,279
278,1256
278,1257
278,1305
278,1306
279,280
279,1257
279,1258
279,1306
279,1307
280,281
280,1258
280,1259
280,1307
280,1308
281,282
281,1259
281,1260
281,1308
281,1309
282,283
282,1260
282,1261
282,1309
282,1310
283,284
283,1261
283,1262
283,1310
283,1311
284,285
284,1262
284,1263
284,1311
284,1312
285,286
285,1263
285,1264
285,1312
285,1313
286,287
286,1264
286,1265
286,1313
286,1314
287,288
287,1265
287,1266
287,1314
287,1315
288,289
288,1266
288,1267
288,1315
288,1316
289,290
289,1267
289,1268
289,1316
289,1317
290,291
290,1268
290,1269
290,1317
290,1318
291,292
291,1269
291,1270
291,1318
291,1319
292,293
292,1270
292,1271
292,1319
292,1320
293,294
293,1271
293,1272
293,1320
293,1321
294,295
294,1272
294,1273
294,1321
294,1322
295,296
295,1273
295,1274
295,1322
295,1323
296,297
296,1274
296,1275
296,1323
296,1324
297,298
297,1275
297,1276
297,1324
297,1325
298,1276
298,1325
298,1326
299,300
299,1327
300,301
300,1277
300,1327
300,1328
301,302
301,1277
301,1278
301,1328
301,1329
302,303
302,1278
302,1279
302,1329
302,1330
303,304
303,1279
303,1280
303,1330
303,1331
304,305
304,1280
304,1281
304,1331
304,1332
305,306
305,1281
305,1282
305,1332
305,1333
306,307
306,1282
306,1283
306,1333
306,1334
307,308
307,1283
307,1284
307,1334
307,1335
308,309
308,1284
308,1285
308,1335
308,1336
309,310
309,1285
309,1286
309,1336
309,1337
310,311
310,1286
310,1287
310,1337
310,1338
311,312
311,1287
311,1288
311,1338
311,1339
312,313
312,1288
312,1289
312,1339
312,1340
313,314
313,1289
313,1290
313,1340
313,1341
314,315
314,1290
314,1291
314,1341
314,1342
315,316
315,1291
315,1292
315,1342
315,1343
316,317
316,1292
316,1293
316,1343
316,1344
317,318
317,1293
317,1294
317,1344
317,1345
318,319
318,1294
318,1295
318,1345
318,1346
319,320
319,1295
319,1296
319,1346
319,1347
320,321
320,1296
320,1297
320,1347
320,1348
321,322
321,1297
321,1298
321,1348
321,1349
322,323
322,1298
322,1299
322,1349
322,1350
323,324
323,1299
323,1300
323,1350
323,1351
324,325
324,1300
324,1301
324,1351
324,1352
325,326
325,1301
325,1302
325,1352
325,1353
326,327
326,1302
326,1303
326,1353
326,1354
327,328
327,1303
327,1304
327,1354
327,1355
328,329
328,1304
328,1305
328,1355
328,1356
329,330
329,1305
329,1306
329,1356
329,1357
330,331
330,1306
330,1307
330,1357
330,1358
331,332
331,1307
331,1308
331,1358
331,1359
332,333
332,1308
332,1309
332,1359
332,1360
333,334
333,1309
333,1310
333,1360
333,1361
334,335
334,1310
334,1311
334,1361
334,1362
335,336
335,1311
335,1312
335,1362
335,1363
336,337
336,1312
336,1313
336,1363
336,1364
337,338
337,1313
337,1314
337,1364
337,1365
338,339
338,1314
338,1315
338,1365
338,1366
339,340
339,1315
339,1316
339,1366
339,1367
340,341
340,1316
340,1317
340,1367
340,1368
341,342
341,1317
341,1318
341,1368
341,1369
342,343
342,1318
342,1319
342,1369
342,1370
343,344
343,1319
343,1320
343,1370
343,1371
344,345
344,1320
344,1321
344,1371
344,1372
345,346
345,1321
345,1322
345,1372
345,1373
346,347
346,1322
346,1323
346,1373
346,1374
347,348
347,1323
347,1324
347,1374
347,1375
348,349
348,1324
348,1325
348,1375
348,1376
349,350
349,1325
349,1326
349,1376
349,1377
350,1326
350,1377
351,352
351,1327
351,1378
352,353
352,1327
352,1328
352,1378
352,1379
353,354
353,1328
353,1329
353,1379
353,1380
354,355
354,1329
354,1330
354,1380
354,1381
355,356
355,1330
355,1331
355,1381
355,1382
356,357
356,1331
356,1332
356,1382
356,1383
357,358
357,1332
357,1333
357,1383
357,1384
358,359
358,1333
358,1334
358,1384
358,1385
359,360
359,1334
359,1335
359,1385
359,1386
360,361
360,1335
360,1336
360,1386
360,1387
361,362
361,1336
361,1337
361,1387
361,1388
362,363
362,1337
362,1338
362,1388
362,1389
363,364
363,1338
363,1339
363,1389
363,1390
364,365
364,1339
364,1340
364,1390
364,1391
365,366
365,1340
365,1341
365,1391
365,1392
366,367
366,1341
366,1342
366,1392
366,1393
367,368
367,1342
367,1343
367,1393
367,1394
368,369
368,1343
368,1344
368,1394
368,1395
369,370
369,1344
369,1345
369,1395
369,1396
370,371
370,1345
370,1346
370,1396
370,1397
371,372
371,1346
371,1347
371,1397
371,1398
372,373
372,1347
372,1348
372,1398
372,1399
373,374
373,1348
373,1349
373,1399
373,1400
374,375
374,1349
374,1350
374,1400
374,1401
375,376
375,1350
375,1351
375,1401
375,1402
376,377
376,1351
376,1352
376,1402
376,1403
377,378
377,1352
377,1353
377,1403
377,1404
378,379
378,1353
378,1354
378,1404
378,1405
379,380
379,1354
379,1355
379,1405
379,1406
380,381
380,1355
380,1356
380,1406
380,1407
381,382
381,1356
381,1357
381,1407
381,1408
382,383
382,1357
382,1358
382,1408
382,1409
383,384
383,1358
383,1359
383,1409
383,1410
384,385
384,1359
384,1360
384,1410
384,1411
385,386
385,1360
385,1361
385,1411
385,1412
386,387
386,1361
386,1362
386,1412
386,1413
387,388
387,1362
387,1363
387,1413
387,1414
388,389
388,1363
388,1364
388,1414
388,1415
389,390
389,1364
389,1365
389,1415
389,1416
390,391
390,1365
390,1366
390,1416
390,1417
391,392
391,1366
391,1367
391,1417
391,1418
392,393
392,1367
392,1368
392,1418
392,1419
393,394
393,1368
393,1369
393,1419
393,1420
394,395
394,1369
394,1370
394,1420
394,1421
395,396
395,1370
395,1371
395,1421
395,1422
396,397
396,1371
396,1372
396,1422
396,1423
397,398
397,1372
397,1373
397,1423
397,1424
398,399
398,1373
398,1374
398,1424
398,1425
399,400
399,1374
399,1375
399,1425
399,1426
400,401
400,1375
400,1376
400,1426
400,1427
401,402
401,1376
401,1377
401,1427
401,1428
402,1377
402,1428
403,404
403,1378
403,1429
404,405
404,1378
404,1379
404,1429
404,1430
405,406
405,1379
405,1380
405,1430
405,1431
406,407
406,1380
406,1381
406,1431
406,1432
407,408
407,1381
407,1382
407,1432
407,1433
408,409
408,1382
408,1383
408,1433
408,1434
409,410
409,1383
409,1384
409,1434
409,1435
410,411
410,1384
410,1385
410,1435
410,1436
411,412
411,1385
411,1386
411,1436
411,1437
412,413
412,1386
412,1387
412,1437
412,1438
413,414
413,1387
413,1388
413,1438
413,1439
414,415
414,1388
414,1389
414,1439
414,1440
415,416
415,1389
415,1390
415,1440
415,1441
416,417
416,1390
416,1391
416,1441
416,1442
417,418
417,1391
417,1392
417,1442
417,1443
418,419
418,1392
418,1393
418,1443
418,1444
419,420
419,1393
419,1394
419,1444
419,1445
420,421
420,1394
420,1395
420,1445
420,1446
421,422
421,1395
421,1396
421,1446
421,1447
422,423
422,1396
422,1397
422,1447
422,1448
423,424
423,1397
423,1398
423,1448
423,1449
424,425
424,1398
424,1399
424,1449
424,1450
425,426
425,1399
425,1400
425,1450
425,1451
426,427
426,1400
426,1401
426,1451
426,1452
427,428
427,1401
427,1402
427,1452
427,1453
428,429
428,1402
428,1403
428,1453
428,1454
429,430
429,1403
429,1404
429,1454
429,1455
430,431
430,1404
430,1405
430,1455
430,1456
431,432
431,1405
431,1406
431,1456
431,1457
432,433
432,1406
432,1407
432,1457
432,1458
433,434
433,1407
433,1408
433,1458
433,1459
434,435
434,1408
434,1409
434,1459
434,1460
435,436
435,1409
435,1410
435,1460
435,1461
436,437
436,1410
436,1411
436,1461
436,1462
437,438
437,1411
437,1412
437,1462
437,1463
438,439
438,1412
438,1413
438,1463
438,1464
439,440
439,1413
439,1414
439,1464
439,1465
440,441
440,1414
440,1415
440,1465
440,1466
441,442
441,1415
441,1416
441,1466
441,1467
442,443
442,1416
442,1417
442,1467
442,1468
443,444
443,1417
443,1418
443,1468
443,1469
444,445
444,1418
444,1419
444,1469
444,1470
445,446
445,1419
445,1420
445,1470
445,1471
446,447
446,1420
446,1421
446,1471
446,1472
447,448
447,1421
447,1422
447,1472
447,1473
448,449
448,1422
448,1423
448,1473
448,1474
449,450
449,1423
449,1424
449,1474
449,1475
450,451
450,1424
450,1425
450,1475
450,1476
451,452
451,1425
451,1426
451,1476
451,1477
452,453
452,1426
452,1427
452,1477
452,1478
453,1427
453,1428
453,1478
453,1479
454,455
454,1429
454,1480
455,456
455,1429
455,1430
455,1480
455,1481
456,457
456,1430
456,1431
456,1481
456,1482
457,458
457,1431
457,1432
457,1482
457,1483
458,459
458,1432
458,1433
458,1483
458,1484
459,460
459,1433
459,1434
459,1484
459,1485
460,461
460,1434
460,1435
460,1485
460,1486
461,462
461,1435
461,1436
461,1486
461,1487
462,463
462,1436
462,1437
462,1487
462,1488
463,464
463,1437
463,1438
463,1488
463,1489
464,465
464,1438
464,1439
464,1489
464,1490
465,466
465,1439
465,1440
465,1490
465,1491
466,467
466,1440
466,1441
466,1491
466,1492
467,468
467,1441
467,1442
467,1492
467,1493
468,469
468,1442
468,1443
468,1493
468,1494
469,470
469,1443
469,1444
469,1494
469,1495
470,471
470,1444
470,1445
470,1495
470,1496
471,472
471,1445
471,1446
471,1496
471,1497
472,473
472,1446
472,1447
472,1497
472,1498
473,474
473,1447
473,1448
473,1498
473,1499
474,475
474,1448
474,1449
474,1499
474,1500
475,476
475,1449
475,1450
475,1500
475,1501
476,477
476,1450
476,1451
476,1501
476,1502
477,478
477,1451
477,1452
477,1502
477,1503
478,479
478,1452
478,1453
478,1503
478,1504
479,480
479,1453
479,1454
479,1504
479,1505
480,481
480,1454
480,1455
480,1505
480,1506
481,482
481,1455
481,1456
481,1506
481,1507
482,483
482,1456
482,1457
482,1507
482,1508
483,484
483,1457
483,1458
483,1508
483,1509
484,485
484,1458
484,1459
484,1509
484,1510
485,486
485,1459
485,1460
485,1510
485,1511
486,487
486,1460
486,1461
486,1511
486,1512
487,488
487,1461
487,1462
487,1512
487,1513
488,489
488,1462
488,1463
488,1513
488,1514
489,490
489,1463
489,1464
489,1514
489,1515
490,491
490,1464
490,1465
490,1515
490,1516
491,492
491,1465
491,1466
491,1516
491,1517
492,493
492,1466
492,1467
492,1517
492,1518
493,494
493,1467
493,1468
493,1518
493,1519
494,495
494,1468
494,1469
494,1519
494,1520
495,496
495,1469
495,1470
495,1520
495,1521
496,497
496,1470
496,1471
496,1521
496,1522
497,498
497,1471
497,1472
497,1522
497,1523
498,499
498,1472
498,1473
498,1523
498,1524
499,500
499,1473
499,1474
499,1524
499,1525
500,501
500,1474
500,1475
500,1525
500,1526
501,502
501,1475
501,1476
501,1526
501,1527
502,503
502,1476
502,1477
502,1527
502,1528
503,504
503,1477
503,1478
503,1528
503,1529
504,1478
504,1479
504,1529
504,1530
505,506
505,1480
505,1531
506,507
506,1480
506,1481
506,1531
506,1532
507,508
507,1481
507,1482
507,1532
507,1533
508,509
508,1482
508,1483
508,1533
508,1534
509,510
509,1483
509,1484
509,1534
509,1535
510,511
510,1484
510,1485
510,1535
510,1536
511,512
511,1485
511,1486
511,1536
511,1537
512,513
512,1486
512,1487
512,1537
512,1538
513,514
513,1487
513,1488
513,1538
513,1539
514,515
514,1488
514,1489
514,1539
514,1540
515,516
515,1489
515,1490
515,1540
515,1541
516,517
516,1490
516,1491
516,1541
516,1542
517,518
517,1491
517,1492
517,1542
517,1543
518,519
518,1492
518,1493
518,1543
518,1544
519,520
519,1493
519,1494
519,1544
519,1545
520,521
520,1494
520,1495
520,1545
520,1546
521,522
521,1495
521,1496
521,1546
521,1547
522,523
522,1496
522,1497
522,1547
522,1548
523,524
523,1497
523,1498
523,1548
523,1549
524,525
524,1498
524,1499
524,1549
524,1550
525,526
525,1499
525,1500
525,1550
525,1551
526,527
526,1500
526,1501
526,1551
526,1552
527,528
527,1501
527,1502
527,1552
527,1553
528,529
528,1502
528,1503
528,1553
528,1554
529,530
529,1503
529,1504
529,1554
529,1555
530,531
530,1504
530,1505
530,1555
530,1556
531,532
531,1505
531,1506
531,1556
531,1557
532,533
532,1506
532,1507
532,1557
532,1558
533,534
533,1507
533,1508
533,1558
533,1559
534,535
534,1508
534,1509
534,1559
534,1560
535,536
535,1509
535,1510
535,1560
535,1561
536,537
536,1510
536,1511
536,1561
536,1562
537,538
537,1511
537,1512
537,1562
537,1563
538,539
538,1512
538,1513
538,1563
538,1564
539,540
539,1513
539,1514
539,1564
539,1565
540,541
540,1514
540,1515
540,1565
540,1566
541,542
541,1515
541,1516
541,1566
541,1567
542,543
542,1516
542,1517
542,1567
542,1568
543,544
543,1517
543,1518
543,1568
543,1569
544,545
544,1518
544,1519
544,1569
544,1570
545,546
545,1519
545,1520
545,1570
545,1571
546,547
546,1520
546,1521
546,1571
546,1572
547,548
547,1521
547,1522
547,1572
547,1573
548,549
548,1522
548,1523
548,1573
548,1574
549,550
549,1523
549,1524
549,1574
549,1575
550,551
550,1524
550,1525
550,1575
550,1576
551,552
551,1525
551,1526
551,1576
551,1577
552,553
552,1526
552,1527
552,1577
552,1578
553,554
553,1527
553,1528
553,1578
553,1579
554,555
554,1528
554,1529
554,1579
554,1580
555,1529
555,1530
555,1580
556,557
556,1531
556,1581
557,558
557,1531
557,1532
557,1581
557,1582
558,559
558,1532
558,1533
558,1582
558,1583
559,560
559,1533
559,1534
559,1583
559,1584
560,561
560,1534
560,1535
560,1584
560,1585
561,562
561,1535
561,1536
561,1585
561,1586
562,563
562,1536
562,1537
562,1586
562,1587
563,564
563,1537
563,1538
563,1587
563,1588
564,565
564,1538
564,1539
564,1588
564,1589
565,566
565,1539
565,1540
565,1589
565,1590
566,567
566,1540
566,1541
566,1590
566,1591
567,568
567,1541
567,1542
567,1591
567,1592
568,569
568,1542
568,1543
568,1592
568,1593
569,570
569,1543
569,1544
569,1593
569,1594
570,571
570,1544
570,1545
570,1594
570,1595
571,572
571,1545
571,1546
571,1595
571,1596
572,573
572,1546
572,1547
572,1596
572,1597
573,574
573,1547
573,1548
573,1597
573,1598
574,575
574,1548
574,1549
574,1598
574,1599
575,576
575,1549
575,1550
575,1599
575,1600
576,577
576,1550
576,1551
576,1600
576,1601
577,578
577,1551
577,1552
577,1601
577,1602
578,579
578,1552
578,1553
578,1602
578,1603
579,580
579,1553
579,1554
579,1603
579,1604
580,581
580,1554
580,1555
580,1604
580,1605
581,582
581,1555
581,1556
581,1605
581,1606
582,583
582,1556
582,1557
582,1606
582,1607
583,584
583,1557
583,1558
583,1607
583,1608
584,585
584,1558
584,1559
584,1608
584,1609
585,586
585,1559
585,1560
585,1609
585,1610
586,587
586,1560
586,1561
586,1610
586,1611
587,588
587,1561
587,1562
587,1611
587,1612
588,589
588,1562
588,1563
588,1612
588,1613
589,590
589,1563
589,1564
589,1613
589,1614
590,591
590,1564
590,1565
590,1614
590,1615
591,592
591,1565
591,1566
591,1615
591,1616
592,593
592,1566
592,1567
592,1616
592,1617
593,594
593,1567
593,1568
593,1617
593,1618
594,595
594,1568
594,1569
594,1618
594,1619
595,596
595,1569
595,1570
595,1619
595,1620
596,597
596,1570
596,1571
596,1620
596,1621
597,598
597,1571
597,1572
597,1621
597,1622
598,599
598,1572
598,1573
598,1622
598,1623
599,600
599,1573
599,1574
599,1623
599,1624
600,601
600,1574
600,1575
600,1624
600,1625
601,602
601,1575
601,1576
601,1625
601,1626
602,603
602,1576
602,1577
602,1626
602,1627
603,604
603,1577
603,1578
603,1627
603,1628
604,605
604,1578
604,1579
604,1628
604,1629
605,606
605,1579
605,1580
605,1629
605,1630
606,1580
606,1630
607,608
607,1581
607,1631
608,609
608,1581
608,1582
608,1631
608,1632
609,610
609,1582
609,1583
609,1632
609,1633
610,611
610,1583
610,1584
610,1633
610,1634
611,612
611,1584
611,1585
611,1634
611,1635
612,613
612,1585
612,1586
612,1635
612,1636
613,614
613,1586
613,1587
613,1636
613,1637
614,615
614,1587
614,1588
614,1637
614,1638
615,616
615,1588
615,1589
615,1638
615,1639
616,617
616,1589
616,1590
616,1639
616,1640
617,618
617,1590
617,1591
617,1640
617,1641
618,619
618,1591
618,1592
618,1641
618,1642
619,620
619,1592
619,1593
619,1642
619,1643
620,621
620,1593
620,1594
620,1643
620,1644
621,622
621,1594
621,1595
621,1644
621,1645
622,623
622,1595
622,1596
622,1645
622,1646
623,624
623,1596
623,1597
623,1646
623,1647
624,625
624,1597
624,1598
624,1647
624,1648
625,626
625,1598
625,1599
625,1648
625,1649
626,627
626,1599
626,1600
626,1649
626,1650
627,628
627,1600
627,1601
627,1650
627,1651
628,629
628,1601
628,1602
628,1651
628,1652
629,630
629,1602
629,1603
629,1652
629,1653
630,631
630,1603
630,1604
630,1653
630,1654
631,632
631,1604
631,1605
631,1654
631,1655
632,633
632,1605
632,1606
632,1655
632,1656
633,634
633,1606
633,1607
633,1656
633,1657
634,635
634,1607
634,1608
634,1657
634,1658
635,636
635,1608
635,1609
635,1658
635,1659
636,637
636,1609
636,1610
636,1659
636,1660
637,638
637,1610
637,1611
637,1660
637,1661
638,639
638,1611
638,1612
638,1661
638,1662
639,640
639,1612
639,1613
639,1662
639,1663
640,641
640,1613
640,1614
640,1663
640,1664
641,642
641,1614
641,1615
641,1664
641,1665
642,643
642,1615
642,1616
642,1665
642,1666
643,644
643,1616
643,1617
643,1666
643,1667
644,645
644,1617
644,1618
644,1667
644,1668
645,646
645,1618
645,1619
645,1668
645,1669
646,647
646,1619
646,1620
646,1669
646,1670
647,648
647,1620
647,1621
647,1670
647,1671
648,649
648,1621
648,1622
648,1671
648,1672
649,650
649,1622
649,1623
649,1672
649,1673
650,651
650,1623
650,1624
650,1673
650,1674
651,652
651,1624
651,1625
651,1674
651,1675
652,653
652,1625
652,1626
652,1675
652,1676
653,654
653,1626
653,1627
653,1676
653,1677
654,655
654,1627
654,1628
654,1677
654,1678
655,656
655,1628
655,1629
655,1678
655,1679
656,657
656,1629
656,1630
656,1679
656,1680
657,1630
657,1680
658,659
658,1631
659,660
659,1631
659,1632
659,1681
660,661
660,1632
660,1633
660,1681
660,1682
661,662
661,1633
661,1634
661,1682
661,1683
662,663
662,1634
662,1635
662,1683
662,1684
663,664
663,1635
663,1636
663,1684
663,1685
664,665
664,1636
664,1637
664,1685
664,1686
665,666
665,1637
665,1638
665,1686
665,1687
666,667
666,1638
666,1639
666,1687
666,1688
667,668
667,1639
667,1640
667,1688
667,1689
668,669
668,1640
668,1641
668,1689
668,1690
669,670
669,1641
669,1642
669,1690
669,1691
670,671
670,1642
670,1643
670,1691
670,1692
671,672
671,1643
671,1644
671,1692
671,1693
672,673
672,1644
672,1645
672,1693
672,1694
673,674
673,1645
673,1646
673,1694
673,1695
674,675
674,1646
674,1647
674,1695
674,1696
675,676
675,1647
675,1648
675,1696
675,1697
676,677
676,1648
676,1649
676,1697
676,1698
677,678
677,1649
677,1650
677,1698
677,1699
678,679
678,1650
678,1651
678,1699
678,1700
679,680
679,1651
679,1652
679,1700
679,1701
680,681
680,1652
680,1653
680,1701
680,1702
681,682
681,1653
681,1654
681,1702
681,1703
682,683
682,1654
682,1655
682,1703
682,1704
683,684
683,1655
683,1656
683,1704
683,1705
684,685
684,1656
684,1657
684,1705
684,1706
685,686
685,1657
685,1658
685,1706
685,1707
686,687
686,1658
686,1659
686,1707
686,1708
687,688
687,1659
687,1660
687,1708
687,1709
688,689
688,1660
688,1661
688,1709
688,1710
689,690
689,1661
689,1662
689,1710
689,1711
690,691
690,1662
690,1663
690,1711
690,1712
691,692
691,1663
691,1664
691,1712
691,1713
692,693
692,1664
692,1665
692,1713
692,1714
693,694
693,1665
693,1666
693,1714
693,1715
694,695
694,1666
694,1667
694,1715
694,1716
695,696
695,1667
695,1668
695,1716
695,1717
696,697
696,1668
696,1669
696,1717
696,1718
697,698
697,1669
697,1670
697,1718
697,1719
698,699
698,1670
698,1671
698,1719
698,1720
699,700
699,1671
699,1672
699,1720
699,1721
700,701
700,1672
700,1673
700,1721
700,1722
701,702
701,1673
701,1674
701,1722
701,1723
702,703
702,1674
702,1675
702,1723
702,1724
703,704
703,1675
703,1676
703,1724
703,1725
704,705
704,1676
704,1677
704,1725
704,1726
705,706
705,1677
705,1678
705,1726
705,1727
706,707
706,1678
706,1679
706,1727
706,1728
707,1679
707,1680
707,1728
707,1729
708,709
708,1681
708,1682
709,710
709,1682
709,1683
709,1730
710,711
710,1683
710,1684
710,1730
710,1731
711,712
711,1684
711,1685
711,1731
711,1732
712,713
712,1685
712,1686
712,1732
712,1733
713,714
713,1686
713,1687
713,1733
713,1734
714,715
714,1687
714,1688
714,1734
714,1735
715,716
715,1688
715,1689
715,1735
715,1736
716,717
716,1689
716,1690
716,1736
716,1737
717,718
717,1690
717,1691
717,1737
717,1738
718,719
718,1691
718,1692
718,1738
718,1739
719,720
719,1692
719,1693
719,1739
719,1740
720,721
720,1693
720,1694
720,1740
720,1741
721,722
721,1694
721,1695
721,1741
721,1742
722,723
722,1695
722,1696
722,1742
722,1743
723,724
723,1696
723,1697
723,1743
723,1744
724,725
724,1697
724,1698
724,1744
724,1745
725,726
725,1698
725,1699
725,1745
725,1746
726,727
726,1699
726,1700
726,1746
726,1747
727,728
727,1700
727,1701
727,1747
727,1748
728,729
728,1701
728,1702
728,1748
728,1749
729,730
729,1702
729,1703
729,1749
729,1750
730,731
730,1703
730,1704
730,1750
730,1751
731,732
731,1704
731,1705
731,1751
731,1752
732,733
732,1705
732,1706
732,1752
732,1753
733,734
733,1706
733,1707
733,1753
733,1754
734,735
734,1707
734,1708
734,1754
734,1755
735,736
735,1708
735,1709
735,1755
735,1756
736,737
736,1709
736,1710
736,1756
736,1757
737,738
737,1710
737,1711
737,1757
737,1758
738,739
738,1711
738,1712
738,1758
738,1759
739,740
739,1712
739,1713
739,1759
739,1760
740,741
740,1713
740,1714
740,1760
740,1761
741,742
741,1714
741,1715
741,1761
741,1762
742,743
742,1715
742,1716
742,1762
742,1763
743,744
743,1716
743,1717
743,1763
743,1764
744,745
744,1717
744,1718
744,1764
744,1765
745,746
745,1718
745,1719
745,1765
745,1766
746,747
746,1719
746,1720
746,1766
746,1767
747,748
747,1720
747,1721
747,1767
747,1768
748,749
748,1721
748,1722
748,1768
748,1769
749,750
749,1722
749,1723
749,1769
749,1770
750,751
750,1723
750,1724
750,1770
750,1771
751,752
751,1724
751,1725
751,1771
751,1772
752,753
752,1725
752,1726
752,1772
752,1773
753,754
753,1726
753,1727
753,1773
753,1774
754,755
754,1727
754,1728
754,1774
754,1775
755,1728
755,1729
755,1775
756,757
756,1731
756,1732
756,1776
757,758
757,1732
757,1733
757,1776
757,1777
758,759
758,1733
758,1734
758,1777
758,1778
759,760
759,1734
759,1735
759,1778
759,1779
760,761
760,1735
760,1736
760,1779
760,1780
761,762
761,1736
761,1737
761,1780
761,1781
762,763
762,1737
762,1738
762,1781
762,1782
763,764
763,1738
763,1739
763,1782
763,1783
764,765
764,1739
764,1740
764,1783
764,1784
765,766
765,1740
765,1741
765,1784
765,1785
766,767
766,1741
766,1742
766,1785
766,1786
767,768
767,1742
767,1743
767,1786
767,1787
768,769
768,1743
768,1744
768,1787
768,1788
769,770
769,1744
769,1745
769,1788
769,1789
770,771
770,1745
770,1746
770,1789
770,1790
771,772
771,1746
771,1747
771,1790
771,1791
772,773
772,1747
772,1748
772,1791
772,1792
773,774
773,1748
773,1749
773,1792
773,1793
774,775
774,1749
774,1750
774,1793
774,1794
775,776
775,1750
775,1751
775,1794
775,1795
776,777
776,1751
776,1752
776,1795
776,1796
777,778
777,1752
777,1753
777,1796
777,1797
778,779
778,1753
778,1754
778,1797
778,1798
779,780
779,1754
779,1755
779,1798
779,1799
780,781
780,1755
780,1756
780,1799
780,1800
781,782
781,1756
781,1757
781,1800
781,1801
782,783
782,1757
782,1758
782,1801
782,1802
783,784
783,1758
783,1759
783,1802
783,1803
784,785
784,1759
784,1760
784,1803
784,1804
785,786
785,1760
785,1761
785,1804
785,1805
786,787
786,1761
786,1762
786,1805
786,1806
787,788
787,1762
787,1763
787,1806
787,1807
788,789
788,1763
788,1764
788,1807
788,1808
789,790
789,1764
789,1765
789,1808
789,1809
790,791
790,1765
790,1766
790,1809
790,1810
791,792
791,1766
791,1767
791,1810
791,1811
792,793
792,1767
792,1768
792,1811
792,1812
793,794
793,1768
793,1769
793,1812
793,1813
794,795
794,1769
794,1770
794,1813
794,1814
795,796
795,1770
795,1771
795,1814
795,1815
796,797
796,1771
796,1772
796,1815
796,1816
797,798
797,1772
797,1773
797,1816
797,1817
798,799
798,1773
798,1774
798,1817
798,1818
799,800
799,1774
799,1775
799,1818
799,1819
800,1775
800,1819
801,802
801,1777
801,1778
801,1820
802,803
802,1778
802,1779
802,1820
802,1821
803,804
803,1779
803,1780
803,1821
803,1822
804,805
804,1780
804,1781
804,1822
804,1823
805,806
805,1781
805,1782
805,1823
805,1824
806,807
806,1782
806,1783
806,1824
806,1825
807,808
807,1783
807,1784
807,1825
807,1826
808,809
808,1784
808,1785
808,1826
808,1827
809,810
809,1785
809,1786
809,1827
809,1828
810,811
810,1786
810,1787
810,1828
810,1829
811,812
811,1787
811,1788
811,1829
811,1830
812,813
812,1788
812,1789
812,1830
812,1831
813,814
813,1789
813,1790
813,1831
813,1832
814,815
814,1790
814,1791
814,1832
814,1833
815,816
815,1791
815,1792
815,1833
815,1834
816,817
816,1792
816,1793
816,1834
816,1835
817,818
817,1793
817,1794
817,1835
817,1836
818,819
818,1794
818,1795
818,1836
818,1837
819,820
819,1795
819,1796
819,1837
819,1838
820,821
820,1796
820,1797
820,1838
820,1839
821,822
821,1797
821,1798
821,1839
821,1840
822,823
822,1798
822,1799
822,1840
822,1841
823,824
823,1799
823,1800
823,1841
823,1842
824,825
824,1800
824,1801
824,1842
824,1843
825,826
825,1801
825,1802
825,1843
825,1844
826,827
826,1802
826,1803
826,1844
826,1845
827,828
827,1803
827,1804
827,1845
827,1846
828,829
828,1804
828,1805
828,1846
828,1847
829,830
829,1805
829,1806
829,1847
829,1848
830,831
830,1806
830,1807
830,1848
830,1849
831,832
831,1807
831,1808
831,1849
831,1850
832,833
832,1808
832,1809
832,1850
832,1851
833,834
833,1809
833,1810
833,1851
833,1852
834,835
834,1810
834,1811
834,1852
834,1853
835,836
835,1811
835,1812
835,1853
835,1854
836,837
836,1812
836,1813
836,1854
836,1855
837,838
837,1813
837,1814
837,1855
837,1856
838,839
838,1814
838,1815
838,1856
838,1857
839,840
839,1815
839,1816
839,1857
839,1858
840,841
840,1816
840,1817
840,1858
840,1859
841,842
841,1817
841,1818
841,1859
841,1860
842,1818
842,1819
842,1860
843,844
843,1821
843,1822
843,1861
844,845
844,1822
844,1823
844,1861
844,1862
845,846
845,1823
845,1824
845,1862
845,1863
846,847
846,1824
846,1825
846,1863
846,1864
847,848
847,1825
847,1826
847,1864
847,1865
848,849
848,1826
848,1827
848,1865
848,1866
849,850
849,1827
849,1828
849,1866
849,1867
850,851
850,1828
850,1829
850,1867
850,1868
851,852
851,1829
851,1830
851,1868
851,1869
852,853
852,1830
852,1831
852,1869
852,1870
853,854
853,1831
853,1832
853,1870
853,1871
854,855
854,1832
854,1833
854,1871
854,1872
855,856
855,1833
855,1834
855,1872
855,1873
856,857
856,1834
856,1835
856,1873
856,1874
857,858
857,1835
857,1836
857,1874
857,1875
858,859
858,1836
858,1837
858,1875
858,1876
859,860
859,1837
859,1838
859,1876
859,1877
860,861
860,1838
860,1839
860,1877
860,1878
861,862
861,1839
861,1840
861,1878
861,1879
862,863
862,1840
862,1841
862,1879
862,1880
863,864
863,1841
863,1842
863,1880
863,1881
864,865
864,1842
864,1843
864,1881
864,1882
865,866
865,1843
865,1844
865,1882
865,1883
866,867
866,1844
866,1845
866,1883
866,1884
867,868
867,1845
867,1846
867,1884
867,1885
868,869
868,1846
868,1847
868,1885
868,1886
869,870
869,1847
869,1848
869,1886
869,1887
870,871
870,1848
870,1849
870,1887
870,1888
871,872
871,1849
871,1850
871,1888
871,1889
872,873
872,1850
872,1851
872,1889
872,1890
873,874
873,1851
873,1852
873,1890
873,1891
874,875
874,1852
874,1853
874,1891
874,1892
875,876
875,1853
875,1854
875,1892
875,1893
876,877
876,1854
876,1855
876,1893
876,1894
877,878
877,1855
877,1856
877,1894
877,1895
878,879
878,1856
878,1857
878,1895
878,1896
879,880
879,1857
879,1858
879,1896
879,1897
880,881
880,1858
880,1859
880,1897
880,1898
881,1859
881,1860
881,1898
882,883
882,1862
882,1863
882,1899
883,884
883,1863
883,1864
883,1899
883,1900
884,885
884,1864
884,1865
884,1900
884,1901
885,886
885,1865
885,1866
885,1901
885,1902
886,887
886,1866
886,1867
886,1902
886,1903
887,888
887,1867
887,1868
887,1903
887,1904
888,889
888,1868
888,1869
888,1904
888,1905
889,890
889,1869
889,1870
889,1905
889,1906
890,891
890,1870
890,1871
890,1906
890,1907
891,892
891,1871
891,1872
891,1907
891,1908
892,893
892,1872
892,1873
892,1908
892,1909
893,894
893,1873
893,1874
893,1909
893,1910
894,895
894,1874
894,1875
894,1910
894,1911
895,896
895,1875
895,1876
895,1911
895,1912
896,897
896,1876
896,1877
896,1912
896,1913
897,898
897,1877
897,1878
897,1913
897,1914
898,899
898,1878
898,1879
898,1914
898,1915
899,900
899,1879
899,1880
899,1915
899,1916
900,901
900,1880
900,1881
900,1916
900,1917
901,902
901,1881
901,1882
901,1917
901,1918
902,903
902,1882
902,1883
902,1918
902,1919
903,904
903,1883
903,1884
903,1919
903,1920
904,905
904,1884
904,1885
904,1920
904,1921
905,906
905,1885
905,1886
905,1921
905,1922
906,907
906,1886
906,1887
906,1922
906,1923
907,908
907,1887
907,1888
907,1923
907,1924
908,909
908,1888
908,1889
908,1924
908,1925
909,910
909,1889
909,1890
909,1925
909,1926
910,911
910,1890
910,1891
910,1926
910,1927
911,912
911,1891
911,1892
911,1927
911,1928
912,913
912,1892
912,1893
912,1928
912,1929
913,914
913,1893
913,1894
913,1929
913,1930
914,915
914,1894
914,1895
914,1930
914,1931
915,916
915,1895
915,1896
915,1931
915,1932
916,917
916,1896
916,1897
916,1932
917,1897
917,1898
918,919
918,1900
918,1901
918,1933
919,920
919,1901
919,1902
919,1933
919,1934
920,921
920,1902
920,1903
920,1934
920,1935
921,922
921,1903
921,1904
921,1935
921,1936
922,923
922,1904
922,1905
922,1936
922,1937
923,924
923,1905
923,1906
923,1937
923,1938
924,925
924,1906
924,1907
924,1938
924,1939
925,926
925,1907
925,1908
925,1939
925,1940
926,927
926,1908
926,1909
926,1940
926,1941
927,928
927,1909
927,1910
927,1941
927,1942
928,929
928,1910
928,1911
928,1942
928,1943
929,930
929,1911
929,1912
929,1943
929,1944
930,931
930,1912
930,1913
930,1944
930,1945
931,932
931,1913
931,1914
931,1945
931,1946
932,933
932,1914
932,1915
932,1946
932,1947
933,934
933,1915
933,1916
933,1947
933,1948
934,935
934,1916
934,1917
934,1948
934,1949
935,936
935,1917
935,1918
935,1949
935,1950
936,937
936,1918
936,1919
936,1950
936,1951
937,938
937,1919
937,1920
937,1951
937,1952
938,939
938,1920
938,1921
938,1952
938,1953
939,940
939,1921
939,1922
939,1953
939,1954
940,941
940,1922
940,1923
940,1954
940,1955
941,942
941,1923
941,1924
941,1955
941,1956
942,943
942,1924
942,1925
942,1956
942,1957
943,944
943,1925
943,1926
943,1957
943,1958
944,945
944,1926
944,1927
944,1958
944,1959
945,946
945,1927
945,1928
945,1959
945,1960
946,947
946,1928
946,1929
946,1960
946,1961
947,948
947,1929
947,1930
947,1961
947,1962
948,949
948,1930
948,1931
948,1962
948,1963
949,1931
949,1932
949,1963
950,951
950,1934
950,1935
951,952
951,1935
951,1936
951,1964
952,953
952,1936
952,1937
952,1964
952,1965
953,954
953,1937
953,1938
953,1965
953,1966
954,955
954,1938
954,1939
954,1966
954,1967
955,956
955,1939
955,1940
955,1967
955,1968
956,957
956,1940
956,1941
956,1968
956,1969
957,958
957,1941
957,1942
957,1969
957,1970
958,959
958,1942
958,1943
958,1970
958,1971
959,960
959,1943
959,1944
959,1971
959,1972
960,961
960,1944
960,1945
960,1972
960,1973
961,962
961,1945
961,1946
961,1973
961,1974
962,963
962,1946
962,1947
962,1974
962,1975
963,964
963,1947
963,1948
963,1975
963,1976
964,965
964,1948
964,1949
964,1976
964,1977
965,966
965,1949
965,1950
965,1977
965,1978
966,967
966,1950
966,1951
966,1978
966,1979
967,968
967,1951
967,1952
967,1979
967,1980
968,969
968,1952
968,1953
968,1980
968,1981
969,970
969,1953
969,1954
969,1981
969,1982
970,971
970,1954
970,1955
970,1982
970,1983
971,972
971,1955
971,1956
971,1983
971,1984
972,973
972,1956
972,1957
972,1984
972,1985
973,974
973,1957
973,1958
973,1985
973,1986
974,975
974,1958
974,1959
974,1986
974,1987
975,976
975,1959
975,1960
975,1987
975,1988
976,977
976,1960
976,1961
976,1988
976,1989
977,978
977,1961
977,1962
977,1989
978,1962
978,1963
979,980
979,1965
979,1966
980,981
980,1966
980,1967
981,982
981,1967
981,1968
982,983
982,1968
982,1969
983,984
983,1969
983,1970
983,1990
984,985
984,1970
984,1971
984,1990
984,1991
985,986
985,1971
985,1972
985,1991
985,1992
986,987
986,1972
986,1973
986,1992
986,1993
987,988
987,1973
987,1974
987,1993
987,1994
988,989
988,1974
988,1975
988,1994
988,1995
989,990
989,1975
989,1976
989,1995
989,1996
990,991
990,1976
990,1977
990,1996
990,1997
991,992
991,1977
991,1978
991,1997
991,1998
992,993
992,1978
992,1979
992,1998
992,1999
993,994
993,1979
993,1980
993,1999
993,2000
994,995
994,1980
994,1981
994,2000
994,2001
995,996
995,1981
995,1982
995,2001
995,2002
996,997
996,1982
996,1983
996,2002
996,2003
997,998
997,1983
997,1984
997,2003
997,2004
998,999
998,1984
998,1985
998,2004
998,2005
999,1000
999,1985
999,1986
999,2005
999,2006
1000,1001
1000,1986
1000,1987
1000,2006
1000,2007
1001,1002
1001,1987
1001,1988
1001,2007
1002,1988
1002,1989
1003,1004
1004,1005
1006,1007
1007,1008
1008,1009
1009,1010
1010,1011
1011,1012
1012,1013
1014,1015
1015,1016
1016,1017
1017,1018
1018,1019
1019,1020
1020,1021
1021,1022
1022,1023
1023,1024
1024,1025
1025,1026
1027,1028
1028,1029
1029,1030
1030,1031
1031,1032
1032,1033
1033,1034
1034,1035
1035,1036
1036,1037
1037,1038
1038,1039
1039,1040
1040,1041
1041,1042
1042,1043
1043,1044
1045,1046
1046,1047
1047,1048
1048,1049
1049,1050
1050,1051
1051,1052
1052,1053
1053,1054
1054,1055
1055,1056
1056,1057
1057,1058
1058,1059
1059,1060
1060,1061
1061,1062
1062,1063
1063,1064
1064,1065
1065,1066
1066,1067
1067,1068
1068,1069
1069,1070
1071,1072
1072,1073
1073,1074
1074,1075
1075,1076
1076,1077
1077,1078
1078,1079
1079,1080
1080,1081
1081,1082
1082,1083
1083,1084
1084,1085
1085,1086
1086,1087
1087,1088
1088,1089
1089,1090
1090,1091
1091,1092
1092,1093
1093,1094
1094,1095
1095,1096
1096,1097
1097,1098
1098,1099
1099,1100
1100,1101
1101,1102
1102,1103
1104,1105
1105,1106
1106,1107
1107,1108
1108,1109
1109,1110
1110,1111
1111,1112
1112,1113
1113,1114
1114,1115
1115,1116
1116,1117
1117,1118
1118,1119
1119,1120
1120,1121
1121,1122
1122,1123
1123,1124
1124,1125
1125,1126
1126,1127
1127,1128
1128,1129
1129,1130
1130,1131
1131,1132
1132,1133
1133,1134
1134,1135
1135,1136
1136,1137
1137,1138
1138,1139
1139,1140
1140,1141
1141,1142
1143,1144
1144,1145
1145,1146
1146,1147
1147,1148
1148,1149
1149,1150
1150,1151
1151,1152
1152,1153
1153,1154
1154,1155
1155,1156
1156,1157
1157,1158
1158,1159
1159,1160
1160,1161
1161,1162
1162,1163
1163,1164
1164,1165
1165,1166
1166,1167
1167,1168
1168,1169
1169,1170
1170,1171
1171,1172
1172,1173
1173,1174
1174,1175
1175,1176
1176,1177
1177,1178
1178,1179
1179,1180
1180,1181
1181,1182
1182,1183
1183,1184
1185,1186
1186,1187
1187,1188
1188,1189
1189,1190
1190,1191
1191,1192
1192,1193
1193,1194
1194,1195
1195,1196
1196,1197
1197,1198
1198,1199
1199,1200
1200,1201
1201,1202
1202,1203
1203,1204
1204,1205
1205,1206
1206,1207
1207,1208
1208,1209
1209,1210
1210,1211
1211,1212
1212,1213
1213,1214
1214,1215
1215,1216
1216,1217
1217,1218
1218,1219
1219,1220
1220,1221
1221,1222
1222,1223
1223,1224
1224,1225
1225,1226
1226,1227
1227,1228
1228,1229
1230,1231
1231,1232
1232,1233
1233,1234
1234,1235
1235,1236
1236,1237
1237,1238
1238,1239
1239,1240
1240,1241
1241,1242
1242,1243
1243,1244
1244,1245
1245,1246
1246,1247
1247,1248
1248,1249
1249,1250
1250,1251
1251,1252
1252,1253
1253,1254
1254,1255
1255,1256
1256,1257
1257,1258
1258,1259
1259,1260
1260,1261
1261,1262
1262,1263
1263,1264
1264,1265
1265,1266
1266,1267
1267,1268
1268,1269
1269,1270
1270,1271
1271,1272
1272,1273
1273,1274
1274,1275
1275,1276
1277,1278
1278,1279
1279,1280
1280,1281
1281,1282
1282,1283
1283,1284
1284,1285
1285,1286
1286,1287
1287,1288
1288,1289
1289,1290
1290,1291
1291,1292
1292,1293
1293,1294
1294,1295
1295,1296
1296,1297
1297,1298
1298,1299
1299,1300
1300,1301
1301,1302
1302,1303
1303,1304
1304,1305
1305,1306
1306,1307
1307,1308
1308,1309
1309,1310
1310,1311
1311,1312
1312,1313
1313,1314
1314,1315
1315,1316
1316,1317
1317,1318
1318,1319
1319,1320
1320,1321
1321,1322
1322,1323
1323,1324
1324,1325
1325,1326
1327,1328
1328,1329
1329,1330
1330,1331
1331,1332
1332,1333
1333,1334
1334,1335
1335,1336
1336,1337
1337,1338
1338,1339
1339,1340
1340,1341
1341,1342
1342,1343
1343,1344
1344,1345
1345,1346
1346,1347
1347,1348
1348,1349
1349,1350
1350,1351
1351,1352
1352,1353
1353,1354
1354,1355
1355,1356
1356,1357
1357,1358
1358,1359
1359,1360
1360,1361
1361,1362
1362,1363
1363,1364
1364,1365
1365,1366
1366,1367
1367,1368
1368,1369
1369,1370
1370,1371
1371,1372
1372,1373
1373,1374
1374,1375
1375,1376
1376,1377
1378,1379
1379,1380
1380,1381
1381,1382
1382,1383
1383,1384
1384,1385
1385,1386
1386,1387
1387,1388
1388,1389
1389,1390
1390,1391
1391,1392
1392,1393
1393,1394
1394,1395
1395,1396
1396,1397
1397,1398
1398,1399
1399,1400
1400,1401
1401,1402
1402,1403
1403,1404
1404,1405
1405,1406
1406,1407
1407,1408
1408,1409
1409,1410
1410,1411
1411,1412
1412,1413
1413,1414
1414,1415
1415,1416
1416,1417
1417,1418
1418,1419
1419,1420
1420,1421
1421,1422
1422,1423
1423,1424
1424,1425
1425,1426
1426,1427
1427,1428
1429,1430
1430,1431
1431,1432
1432,1433
1433,1434
1434,1435
1435,1436
1436,1437
1437,1438
1438,1439
1439,1440
1440,1441
1441,1442
1442,1443
1443,1444
1444,1445
1445,1446
1446,1447
1447,1448
1448,1449
1449,1450
1450,1451
1451,1452
1452,1453
1453,1454
1454,1455
1455,1456
1456,1457
1457,1458
1458,1459
1459,1460
1460,1461
1461,1462
1462,1463
1463,1464
1464,1465
1465,1466
1466,1467
1467,1468
1468,1469
1469,1470
1470,1471
1471,1472
1472,1473
1473,1474
1474,1475
1475,1476
1476,1477
1477,1478
1478,1479
1480,1481
1481,1482
1482,1483
1483,1484
1484,1485
1485,1486
1486,1487
1487,1488
1488,1489
1489,1490
1490,1491
1491,1492
1492,1493
1493,1494
1494,1495
1495,1496
1496,1497
1497,1498
1498,1499
1499,1500
1500,1501
1501,1502
1502,1503
1503,1504
1504,1505
1505,1506
1506,1507
1507,1508
1508,1509
1509,1510
1510,1511
1511,1512
1512,1513
1513,1514
1514,1515
1515,1516
1516,1517
1517,1518
1518,1519
1519,1520
1520,1521
1521,1522
1522,1523
1523,1524
1524,1525
1525,1526
1526,1527
1527,1528
1528,1529
1529,1530
1531,1532
1532,1533
1533,1534
1534,1535
1535,1536
1536,1537
1537,1538
1538,1539
1539,1540
1540,1541
1541,1542
1542,1543
1543,1544
1544,1545
1545,1546
1546,1547
1547,1548
1548,1549
1549,1550
1550,1551
1551,1552
1552,1553
1553,1554
1554,1555
1555,1556
1556,1557
1557,1558
1558,1559
1559,1560
1560,1561
1561,1562
1562,1563
1563,1564
1564,1565
1565,1566
1566,1567
1567,1568
1568,1569
1569,1570
1570,1571
1571,1572
1572,1573
1573,1574
1574,1575
1575,1576
1576,1577
1577,1578
1578,1579
1579,1580
1581,1582
1582,1583
1583,1584
1584,1585
1585,1586
1586,1587
1587,1588
1588,1589
1589,1590
1590,1591
1591,1592
1592,1593
1593,1594
1594,1595
1595,1596
1596,1597
1597,1598
1598,1599
1599,1600
1600,1601
1601,1602
1602,1603
1603,1604
1604,1605
1605,1606
1606,1607
1607,1608
1608,1609
1609,1610
1610,1611
1611,1612
1612,1613
1613,1614
1614,1615
1615,1616
1616,1617
1617,1618
1618,1619
1619,1620
1620,1621
1621,1622
1622,1623
1623,1624
1624,1625
1625,1626
1626,1627
1627,1628
1628,1629
1629,1630
1631,1632
1632,1633
1633,1634
1634,1635
1635,1636
1636,1637
1637,1638
1638,1639
1639,1640
1640,1641
1641,1642
1642,1643
1643,1644
1644,1645
1645,1646
1646,1647
1647,1648
1648,1649
1649,1650
1650,1651
1651,1652
1652,1653
1653,1654
1654,1655
1655,1656
1656,1657
1657,1658
1658,1659
1659,1660
1660,1661
1661,1662
1662,1663
1663,1664
1664,1665
1665,1666
1666,1667
1667,1668
1668,1669
1669,1670
1670,1671
1671,1672
1672,1673
1673,1674
1674,1675
1675,1676
1676,1677
1677,1678
1678,1679
1679,1680
1681,1682
1682,1683
1683,1684
1684,1685
1685,1686
1686,1687
1687,1688
1688,1689
1689,1690
1690,1691
1691,1692
1692,1693
1693,1694
1694,1695
1695,1696
1696,1697
1697,1698
1698,1699
1699,1700
1700,1701
1701,1702
1702,1703
1703,1704
1704,1705
1705,1706
1706,1707
1707,1708
1708,1709
1709,1710
1710,1711
1711,1712
1712,1713
1713,1714
1714,1715
1715,1716
1716,1717
1717,1718
1718,1719
1719,1720
1720,1721
1721,1722
1722,1723
1723,1724
1724,1725
1725,1726
1726,1727
1727,1728
1728,1729
1730,1731
1731,1732
1732,1733
1733,1734
1734,1735
1735,1736
1736,1737
1737,1738
1738,1739
1739,1740
1740,1741
1741,1742
1742,1743
1743,1744
1744,1745
1745,1746
1746,1747
1747,1748
1748,1749
1749,1750
1750,1751
1751,1752
1752,1753
1753,1754
1754,1755
1755,1756
1756,1757
1757,1758
1758,1759
1759,1760
1760,1761
1761,1762
1762,1763
1763,1764
1764,1765
1765,1766
1766,1767
1767,1768
1768,1769
1769,1770
1770,1771
1771,1772
1772,1773
1773,1774
1774,1775
1776,1777
1777,1778
1778,1779
1779,1780
1780,1781
1781,1782
1782,1783
1783,1784
1784,1785
1785,1786
1786,1787
1787,1788
1788,1789
1789,1790
1790,1791
1791,1792
1792,1793
1793,1794
1794,1795
1795,1796
1796,1797
1797,1798
1798,1799
1799,1800
1800,1801
1801,1802
1802,1803
1803,1804
1804,1805
1805,1806
1806,1807
1807,1808
1808,1809
1809,1810
1810,1811
1811,1812
1812,1813
1813,1814
1814,1815
1815,1816
1816,1817
1817,1818
1818,1819
1820,1821
1821,1822
1822,1823
1823,1824
1824,1825
1825,1826
1826,1827
1827,1828
1828,1829
1829,1830
1830,1831
1831,1832
1832,1833
1833,1834
1834,1835
1835,1836
1836,1837
1837,1838
1838,1839
1839,1840
1840,1841
1841,1842
1842,1843
1843,1844
1844,1845
1845,1846
1846,1847
1847,1848
1848,1849
1849,1850
1850,1851
1851,1852
1852,1853
1853,1854
1854,1855
1855,1856
1856,1857
1857,1858
1858,1859
1859,1860
1861,1862
1862,1863
1863,1864
1864,1865
1865,1866
1866,1867
1867,1868
1868,1869
1869,1870
1870,1871
1871,1872
1872,1873
1873,1874
1874,1875
1875,1876
1876,1877
1877,1878
1878,1879
1879,1880
1880,1881
1881,1882
1882,1883
1883,1884
1884,1885
1885,1886
1886,1887
1887,1888
1888,1889
1889,1890
1890,1891
1891,1892
1892,1893
1893,1894
1894,1895
1895,1896
1896,1897
1897,1898
1899,1900
1900,1901
1901,1902
1902,1903
1903,1904
1904,1905
1905,1906
1906,1907
1907,1908
1908,1909
1909,1910
1910,1911
1911,1912
1912,1913
1913,1914
1914,1915
1915,1916
1916,1917
1917,1918
1918,1919
1919,1920
1920,1921
1921,1922
1922,1923
1923,1924
1924,1925
1925,1926
1926,1927
1927,1928
1928,1929
1929,1930
1930,1931
1931,1932
1933,1934
1934,1935
1935,1936
1936,1937
1937,1938
1938,1939
1939,1940
1940,1941
1941,1942
1942,1943
1943,1944
1944,1945
1945,1946
1946,1947
1947,1948
1948,1949
1949,1950
1950,1951
1951,1952
1952,1953
1953,1954
1954,1955
1955,1956
1956,1957
1957,1958
1958,1959
1959,1960
1960,1961
1961,1962
1962,1963
1964,1965
1965,1966
1966,1967
1967,1968
1968,1969
1969,1970
1970,1971
1971,1972
1972,1973
1973,1974
1974,1975
1975,1976
1976,1977
1977,1978
1978,1979
1979,1980
1980,1981
1981,1982
1982,1983
1983,1984
1984,1985
1985,1986
1986,1987
1987,1988
1988,1989
1990,1991
1991,1992
1992,1993
1993,1994
1994,1995
1995,1996
1996,1997
1997,1998
1998,1999
1999,2000
2000,2001
2001,2002
2002,2003
2003,2004
2004,2005
2005,2006
2006,2007
