troncon_id,delta_ECA,ratio_delta_cost
2,0.015480,0.000196
3,0.980398,0.014855
4,11.883400,0.152352
9,0.112848,0.008681
10,0.042524,0.003271
12,0.163813,0.003485
13,0.189254,0.003154
15,0.050498,0.005050
18,0.116349,0.002909
20,2.186730,0.043735
21,0.195942,0.002390
22,4.994120,0.033074
27,3.913780,0.024309
28,0.062169,0.002590
29,0.245729,0.003561
31,0.129253,0.004457
33,1.433960,0.010467
35,0.016758,0.000182
37,0.045845,0.001763
38,0.030605,0.000528
39,2.845400,0.118558
40,0.052993,0.001893
42,0.065488,0.001871
47,0.236166,0.009840
48,0.203309,0.012707
49,1.976320,0.123520
50,5.207370,0.226407
51,1.175610,0.048984
52,0.178076,0.009893
59,0.062685,0.001229
65,0.042136,0.001359
67,0.358877,0.021110
68,0.205598,0.009345
70,10.269300,0.410772
71,2.247320,0.086435
73,0.099802,0.004339
74,0.122521,0.002917
75,1.215960,0.015999
76,3.474180,0.096505
77,28.499700,0.581627
84,0.020269,0.001843
86,5.246880,0.083284
87,11.452600,1.272510
88,11.572700,1.052060
89,0.048224,0.001378
90,0.064187,0.003566
92,0.276072,0.008906
93,0.023185,0.000393
94,0.121890,0.002902
97,0.014970,0.000416
115,0.468132,0.042558
116,0.100483,0.004567
117,0.949175,0.036507
123,0.034063,0.001363
131,0.034259,0.000779
132,1.577250,0.038470
134,0.314197,0.014962
135,0.045929,0.001837
136,0.019097,0.001194
137,0.055318,0.001676
139,0.011000,0.000458
142,0.094989,0.003958
144,0.281787,0.005871
146,0.011576,0.000827
147,0.012760,0.000982
150,0.148672,0.008260
151,0.010731,0.000413
153,0.022227,0.001307
156,0.089512,0.005595
160,4.426600,0.184442
169,0.071703,0.001494
179,0.011105,0.000411
184,0.092025,0.003173
185,3.740640,0.110019
186,0.014359,0.001026
187,0.038444,0.002746
188,4.517990,0.086884
191,0.547529,0.042118
192,0.059453,0.003497
193,1.194290,0.108572
194,0.072823,0.005202
197,0.030386,0.002532
200,1.414480,0.074446
201,0.042881,0.001340
203,11.622400,0.298010
208,1.770150,0.055317
210,0.104669,0.003079
211,0.017542,0.000605
213,1.866140,0.021699
216,0.061626,0.000434
222,0.011430,0.000714
223,0.078716,0.004373
224,0.084784,0.006056
225,0.050942,0.003396
227,0.074218,0.002749
228,0.030533,0.001018
235,0.149115,0.010651
236,0.052985,0.004817
237,0.131936,0.002932
238,0.259887,0.018563
239,6.975720,0.697572
240,0.303298,0.020220
260,0.021759,0.001280
272,0.636843,0.024494
279,0.015295,0.001177
280,0.021787,0.000396
283,6.678120,0.208691
284,0.106252,0.006641
287,0.187566,0.006699
288,0.058838,0.001509
290,18.721600,1.248110
292,0.028776,0.001515
293,0.013936,0.000240
294,0.096474,0.002097
297,0.170797,0.010047
300,0.052248,0.001493
303,0.062730,0.001901
304,1.489330,0.114564
305,0.032902,0.001028
306,0.015521,0.001109
307,0.025274,0.000648
310,1.794910,0.112182
312,0.533606,0.008893
313,0.013933,0.000606
315,0.387638,0.038764
316,0.335117,0.018618
320,0.142709,0.006205
330,0.016140,0.000448
331,0.107195,0.003573
332,0.018953,0.001354
334,0.418434,0.019020
344,0.020255,0.000343
346,0.015130,0.000688
348,0.128733,0.006130
360,0.012209,0.000872
363,0.015875,0.000992
364,0.028453,0.000790
366,0.592227,0.019104
367,0.171813,0.003996
370,0.788900,0.049306
371,0.209742,0.008390
372,0.438159,0.010432
376,0.022796,0.002072
382,4.071510,0.076821
383,0.011180,0.000658
385,0.156038,0.006242
391,0.012304,0.000946
392,2.368040,0.197336
393,1.339930,0.036214
395,0.026570,0.001771
396,0.633433,0.057585
398,0.086811,0.004341
399,0.587983,0.018967
406,3.222830,0.107428
409,0.022864,0.001345
410,0.024606,0.000848
414,0.018534,0.000772
416,0.026554,0.000458
422,0.019690,0.000895
424,0.018641,0.000339
428,0.013235,0.000662
439,0.022491,0.000726
440,0.043376,0.002283
441,0.110502,0.005023
442,0.419187,0.005988
451,0.064697,0.001903
453,0.815559,0.031368
457,0.165183,0.009177
465,0.017968,0.001123
466,0.031126,0.001945
469,0.035942,0.002765
470,0.110543,0.006503
474,0.076921,0.005494
475,0.446823,0.015958
479,0.038520,0.002266
480,0.040760,0.002911
490,0.225595,0.008057
519,0.545214,0.015578
524,0.038690,0.000841
525,0.038690,0.000879
526,0.025683,0.001605
527,20.766600,0.241472
528,0.109617,0.001957
529,6.932380,0.385132
532,0.153400,0.002645
533,0.152480,0.005865
535,0.328847,0.005304
541,0.095310,0.002383
543,0.019082,0.000454
556,1.954050,0.043423
557,0.175688,0.005490
558,5.468760,0.303820
560,1.825670,0.101426
561,1.299180,0.029527
562,0.183183,0.018318
563,0.101943,0.001378
568,0.014503,0.000403
570,0.011523,0.000823
581,14.121000,0.362076
585,0.037042,0.003367
588,0.022702,0.001746
589,0.220948,0.015782
590,3.881240,0.228308
591,32.782600,1.130430
611,4.524300,0.133068
612,0.087214,0.001615
613,0.035149,0.001465
614,0.021732,0.000701
615,0.013268,0.000510
630,0.147212,0.002495
631,0.497163,0.019122
632,0.074691,0.002134
633,0.019661,0.001404
635,0.030594,0.000827
646,0.026589,0.000415
647,0.205455,0.014675
649,0.193123,0.011360
650,1.234690,0.137188
651,0.676648,0.048332
654,4.349760,0.106092
655,20.089400,0.365263
656,6.443690,0.495668
657,13.793400,0.260252
658,3.436920,0.085923
659,19.144200,0.348075
660,6.443690,0.495668
661,14.487600,0.284071
662,15.230800,0.761541
664,0.191202,0.011950
665,0.015812,0.000753
666,0.243910,0.011087
669,0.331220,0.019484
670,1.158400,0.055162
671,1.181500,0.029538
672,0.203186,0.011952
673,0.928292,0.032010
674,5.099440,0.092717
676,0.012298,0.001366
678,0.540894,0.031817
679,0.106857,0.003958
680,0.020308,0.002031
681,0.038254,0.001822
682,0.063336,0.001508
683,0.015477,0.000673
685,0.096195,0.004581
694,0.500123,0.012198
713,0.335871,0.003325
714,42.889600,1.864760
715,31.644800,2.876800
717,14.606100,0.695530
718,0.097725,0.006515
720,13.512400,0.386068
721,0.094218,0.003769
723,0.054555,0.002372
725,0.037430,0.000851
726,0.797633,0.061356
727,0.418651,0.041865
730,0.305440,0.009545
731,0.460710,0.013961
732,0.133704,0.006685
733,0.342653,0.034265
734,0.221875,0.017067
735,48.486500,1.426070
738,0.028469,0.001356
741,0.037021,0.000823
742,0.038149,0.001817
744,0.031218,0.001115
745,0.053930,0.002451
746,0.061020,0.001849
747,0.035231,0.000783
759,0.228961,0.022896
760,0.243853,0.005301
761,0.254719,0.005924
763,0.065309,0.005442
764,0.216187,0.005689
765,0.063316,0.003957
766,0.442026,0.010280
767,0.086460,0.002109
768,0.010167,0.001017
770,0.101176,0.003489
771,0.052459,0.002384
783,0.208498,0.020850
784,0.224491,0.005475
785,0.123642,0.002576
786,0.162024,0.009001
787,0.045741,0.001476
790,2.044210,0.063881
791,0.149517,0.004272
792,3.560870,0.089022
794,4.005660,0.091038
798,0.138375,0.003844
800,0.017931,0.000578
807,0.521610,0.010645
809,0.112639,0.011264
818,0.165512,0.008711
819,0.183914,0.010217
821,1.722200,0.055555
822,0.180518,0.010029
825,0.114787,0.004251
834,0.014608,0.000859
835,0.031456,0.001015
839,0.011290,0.001026
840,0.027013,0.000900
841,0.014419,0.001109
842,0.523097,0.018038
844,0.094815,0.008620
849,0.025238,0.001202
869,0.164856,0.011775
870,13.424100,0.285619
872,0.429833,0.039076
873,0.154292,0.006429
874,0.105005,0.010501
876,0.068376,0.003799
877,0.503834,0.022902
878,0.017639,0.001470
879,0.294435,0.024536
882,0.122653,0.012265
883,0.068376,0.003799
886,0.510816,0.014595
887,0.011523,0.000960
888,0.373429,0.028725
898,0.026685,0.000270
899,0.039316,0.000771
900,0.018116,0.001294
901,0.010065,0.001006
902,0.067738,0.003387
905,0.441420,0.008828
906,0.026264,0.002626
913,0.070367,0.001716
917,0.165083,0.007504
918,0.055782,0.002656
919,0.051540,0.003681
920,0.144184,0.009612
921,0.109981,0.003235
922,0.015493,0.000968
924,0.188010,0.004476
925,0.606834,0.046680
928,0.021558,0.001960
931,0.144541,0.002780
934,0.011076,0.000527
935,0.019595,0.000754
936,0.012773,0.000710
937,0.151844,0.003037
938,0.105962,0.000898
941,0.017954,0.000898
978,0.023348,0.001229
979,0.064661,0.000703
981,0.020762,0.000433
988,0.016359,0.000399
999,0.019612,0.000891
1015,0.022114,0.000320
1045,0.079402,0.002647
1046,5.207240,0.110792
1047,0.058844,0.001961
1050,0.038444,0.001831
1057,0.086479,0.005405
1058,0.059799,0.001391
1059,0.080309,0.001959
1065,0.304311,0.009222
1066,1.235450,0.047518
1067,8.332460,0.208312
1068,1.502800,0.055659
1069,2.736570,0.109463
1072,0.014670,0.001467
1080,0.012753,0.001275
1082,1.378860,0.032830
1084,0.187096,0.007196
1085,0.068938,0.002028
1086,0.147982,0.004933
1087,0.019765,0.000412
1092,0.073330,0.001982
1094,7.380040,0.117143
1096,0.100992,0.003884
1097,0.027222,0.001944
1099,0.057602,0.001309
1100,0.035756,0.001084
1105,2.228250,0.028938
1106,0.334587,0.005576
1108,0.028320,0.001770
1111,0.038289,0.000851
1113,0.115168,0.004430
1114,0.078906,0.002545
1116,1.307300,0.031885
1119,0.046546,0.000913
1121,0.056530,0.001285
1122,0.462490,0.014453
1124,0.123970,0.003179
1125,0.043928,0.001627
1126,0.036630,0.000572
1127,0.053427,0.001187
1128,0.048781,0.000841
1135,0.108391,0.002045
1137,0.015831,0.001319
1141,2.052610,0.228067
1143,0.485510,0.053946
1144,1.530560,0.109325
1145,1.489330,0.165481
1147,0.119106,0.010828
1151,1.796040,0.089802
1152,0.186882,0.008899
1153,0.208121,0.004428
1154,2.985840,0.271440
1155,0.074647,0.003929
1170,1.084120,0.051625
1183,0.033208,0.001444
1184,0.116369,0.006845
1187,0.010306,0.000210
1188,0.012059,0.000447
1189,0.728475,0.017768
1198,0.116932,0.009744
1202,0.748435,0.046777
1203,5.813100,0.063186
1204,0.385984,0.006031
1205,0.258242,0.003743
1206,1.064570,0.096779
1208,0.259030,0.006817
1209,0.700380,0.035019
1210,5.459050,0.165426
1215,0.357050,0.010201
1233,0.068946,0.003447
1255,0.012379,0.000326
1266,0.265533,0.009835
1267,0.011318,0.000377
1273,0.426654,0.028444
1277,5.775570,0.111069
1278,1.209340,0.012597
1291,0.762029,0.021168
1292,0.034068,0.000946
1293,1.310520,0.022595
1317,0.369323,0.010862
1318,0.409854,0.005123
1319,0.305970,0.016998
1320,0.198024,0.012377
1321,0.136980,0.005707
1322,0.033174,0.001144
1329,0.057345,0.004779
1332,0.020154,0.000593
1360,0.011167,0.000620
1365,0.023099,0.000428
1378,0.016033,0.000263
1388,0.018770,0.001444
1401,0.064877,0.006488
1402,0.025016,0.000544
1404,0.042867,0.003572
1408,0.046221,0.002101
1409,0.069402,0.004627
1410,0.052571,0.005257
1412,0.039445,0.001715
1418,0.076940,0.002653
1422,0.434781,0.024155
1423,0.599236,0.042803
1433,0.078980,0.002025
1448,3.385140,0.161197
1452,0.023013,0.001918
1477,0.012317,0.000362
1479,0.479632,0.007994
1483,0.071500,0.007150
1484,0.258912,0.023537
1486,0.040449,0.001395
1488,1.027810,0.073415
1494,0.079298,0.002734
1536,8.948980,0.133567
1537,15.158600,0.433103
1543,0.030255,0.001081
1544,0.208654,0.003068
1545,0.119992,0.001579
1546,0.212477,0.010624
1547,0.010707,0.000428
1548,0.025450,0.000909
1553,0.011895,0.001190
1554,0.060503,0.001952
1560,0.011552,0.000525
1568,0.022610,0.000983
1570,0.053897,0.001684
1571,0.070073,0.004122
1577,1.014180,0.046099
1578,0.691919,0.023859
1579,5.913870,0.257125
1580,0.092972,0.007748
1588,0.013889,0.000926
1590,0.065370,0.005448
1591,0.417817,0.018992
1592,3.903670,0.205456
1595,0.059362,0.001522
1596,0.170212,0.005006
1623,1.812490,0.017946
1625,0.113490,0.004053
1631,0.048793,0.002323
1632,0.109203,0.007800
1633,0.037952,0.002711
1634,0.026813,0.001490
1636,0.101308,0.006332
1637,0.040596,0.002030
1638,0.029931,0.002993
1640,0.037630,0.002509
1641,0.748841,0.044049
1642,0.234844,0.005105
1644,0.027871,0.002787
1646,0.010275,0.000541
1648,0.778590,0.028837
1655,0.084028,0.006002
1656,0.020569,0.000605
1667,23.085800,0.961909
1668,6.160830,0.133931
1669,13.467800,0.240496
1670,49.084400,1.533890
1671,25.995400,0.456060
1672,0.417542,0.005494
1675,0.952605,0.011908
1676,0.658720,0.007750
1677,0.302126,0.003640
1678,0.989775,0.070698
1679,0.014755,0.000868
1683,35.933700,1.996320
1689,2.867930,0.086907
1690,9.738640,0.231872
1697,25.773400,0.920479
1698,25.169200,1.006770
1699,140.034000,1.772580
1700,97.849500,1.553170
1701,0.789236,0.197309
1705,3.626120,0.172672
1708,1.404740,0.037966
1709,0.075534,0.001162
1710,0.754164,0.006615
1711,0.076490,0.006954
1721,1.991950,0.104840
1722,0.307524,0.030752
1723,0.135152,0.006758
1724,0.893405,0.007323
1725,0.039135,0.001779
1748,0.076432,0.002066
1779,0.014531,0.001038
1782,0.024060,0.001504
1813,0.012234,0.000331
1816,0.170573,0.002472
1826,0.117373,0.002134
1831,1.059180,0.014509
1835,0.015567,0.000599
1839,0.024707,0.001544
1840,0.119929,0.002855
1852,1.102180,0.031491
1853,0.021014,0.000339
1854,0.010491,0.000525
1857,0.063973,0.002285
1860,0.391370,0.007384
1861,0.336372,0.025875
1867,0.608949,0.040597
1868,0.011935,0.001193
1870,0.136328,0.002272
1871,0.036322,0.002594
1872,0.012658,0.000703
1875,0.790349,0.041597
1880,0.043702,0.000971
1882,0.298098,0.016561
1884,0.017129,0.000285
1911,0.057345,0.005735
1915,0.018474,0.000770
1916,0.025011,0.001786
1918,0.069576,0.001392
1925,3.173750,0.102379
1929,0.093804,0.000869
1932,0.044112,0.001575
1934,0.037967,0.001225
1940,2.563340,0.197180
1955,0.017436,0.000918
1964,1.173050,0.048877
1966,0.787489,0.030288
1967,0.449794,0.044979
1968,0.975296,0.046443
1969,0.737117,0.052651
1971,0.028638,0.000609
1974,0.014601,0.000664
1977,8.588220,0.286274
1989,8.676660,0.255196
1994,1.459210,0.066327
1995,6.557350,0.345124
1996,8.407840,0.560523
1997,4.317780,0.287852
2000,1.367320,0.054693
2006,0.024949,0.000713
2007,0.196703,0.004683
2014,14.591100,0.442155
2019,0.157791,0.003287
2022,2.632570,0.188041
2025,0.139590,0.001861
2030,0.225440,0.003523
2031,0.020973,0.001498
2038,0.023645,0.001970
2039,0.566170,0.021776
2042,2.165980,0.127411
2048,5.608850,0.105827
2055,5.386750,0.092875
2056,4.777180,0.183738
2057,1.076570,0.071771
2059,0.377351,0.019861
2061,0.156268,0.006010
2067,0.410984,0.025687
2079,0.447652,0.024870
2080,0.059584,0.002979
2083,0.050646,0.001101
2088,0.017421,0.000726
2104,0.851115,0.012516
2119,0.375191,0.015633
2133,0.092351,0.002008
2139,0.260019,0.004728
2141,0.073444,0.004590
2157,0.078465,0.004904
2163,0.238879,0.009555
2164,0.108370,0.006773
2165,0.019603,0.000784
2167,0.012851,0.000676
2175,0.209014,0.008709
2180,0.159524,0.007596
2183,0.136997,0.013700
2184,0.070563,0.003068
2187,0.475828,0.012522
2188,0.013356,0.000835
2191,0.085089,0.003404
2195,0.361993,0.006464
2202,1.990520,0.082938
2203,3.283710,0.205232
2205,3.480670,0.064457
2206,1.421210,0.109324
2207,2.052650,0.030637
2208,0.908364,0.031323
2210,0.037821,0.002521
2211,1.406460,0.032709
2213,0.048571,0.000534
2219,0.080367,0.005023
2231,0.044595,0.002787
2232,0.209281,0.011015
2233,0.616209,0.038513
2234,0.464348,0.014071
2238,0.011918,0.000441
2241,0.303294,0.013187
2242,0.022468,0.000899
2243,0.028274,0.001285
2246,0.316022,0.019751
2248,0.021735,0.000945
2253,0.029484,0.001404
2254,0.750219,0.035725
2255,0.383660,0.020193
2257,1.338580,0.035226
2258,1.335240,0.046043
2259,0.358498,0.029875
2263,0.012522,0.000894
2268,1.027800,0.085650
2271,0.046494,0.003874
2272,1.881050,0.085502
2276,0.290839,0.019389
2286,0.012119,0.000673
2289,0.095653,0.002813
2290,0.153480,0.003743
2291,0.203663,0.004629
2292,0.029012,0.001036
2293,0.930693,0.035796
2294,0.294289,0.006844
2297,21.012900,0.456801
2298,0.042426,0.001928
2299,0.045169,0.000982
2302,0.057226,0.003815
2304,0.082904,0.004145
2305,0.296517,0.008472
2306,5.981390,0.153369
2310,0.468111,0.020353
2311,26.923400,0.868498
2312,11.801800,0.842989
2314,0.399713,0.011420
2315,24.363600,0.761362
2316,0.445026,0.014356
2319,3.685900,0.069545
2320,0.015645,0.000522
2321,0.282836,0.008571
2325,15.288200,0.566230
2326,26.459600,0.881988
2331,8.134700,0.581050
2332,0.068730,0.003124
2335,0.154869,0.011062
2343,0.134225,0.010325
2345,6.611760,0.264471
2346,47.928700,1.997030
2347,3.949970,0.077450
2350,0.036621,0.002616
2352,0.158538,0.006098
2353,0.010470,0.000551
2355,0.052477,0.004037
2359,0.012083,0.000448
2360,0.209572,0.010479
2361,0.198495,0.007634
2362,0.081821,0.001903
2364,0.032879,0.000477
2375,0.579370,0.012595
2377,5.209440,0.325590
2383,0.010371,0.000399
2384,0.038144,0.003814
2386,75.364100,3.588770
2387,52.903100,2.116120
2395,0.590151,0.031061
2396,0.011805,0.000590
2397,0.206497,0.008978
2399,0.037090,0.000742
2400,0.192363,0.008015
2402,0.399620,0.024976
2406,0.046045,0.002002
2411,35.315200,0.346227
2425,0.448606,0.015469
2427,0.505310,0.010985
2428,0.180419,0.006682
2429,1.722520,0.123037
2430,2.895200,0.131600
2431,0.015412,0.000514
2435,0.416459,0.016658
2436,0.270105,0.020777
2441,19.554500,0.698375
2453,0.039064,0.001347
2455,35.168300,0.549505
2460,1.012400,0.014259
2461,0.362908,0.006598
2464,0.067694,0.067694
2468,0.037504,0.001014
2472,1.296960,0.024942
2482,3.669390,0.087367
2484,0.781544,0.026052
2490,0.180578,0.005016
2499,0.526356,0.029242
2500,0.225355,0.015024
2504,10.949900,0.421152
2513,0.101254,0.005625
2518,1.466010,0.112770
2519,2.748820,0.161695
2522,1.787530,0.077719
2532,3.718170,0.095338
2533,0.316274,0.008323
2537,0.255890,0.036556
2542,0.153467,0.005903
2545,30.092100,0.527932
2561,0.038366,0.006394
2806,0.039762,0.001169
2810,0.180087,0.002814
2813,1.371650,0.033455
2822,0.296871,0.012370
2827,0.256332,0.014241
2833,0.225738,0.012541
2835,1.501040,0.053608
2837,0.253521,0.014913
2840,0.417450,0.012278
2848,0.334186,0.014530
2855,20.209400,1.188790
2860,0.160197,0.010012
2866,0.110279,0.004411
2867,0.580240,0.021490
2869,7.705690,0.120401
2870,2.199780,0.099990
2871,1.544860,0.081308
2873,0.018755,0.000625
2874,0.641667,0.025667
2875,0.552711,0.013160
2876,0.091566,0.005386
2879,0.345587,0.019199
2887,4.978960,0.095749
2893,3.669310,0.099171
2896,0.761899,0.038095
2897,1.044310,0.032635
2913,18.604700,0.744190
2914,14.963100,0.383668
2933,2.374910,0.182685
2934,0.042247,0.001509
2945,0.055917,0.003994
2959,0.037777,0.001511
2960,0.096139,0.002828
2961,0.019560,0.000931
2964,0.737454,0.021690
2967,1.617940,0.095173
2968,1.447290,0.085135
2971,0.040276,0.001060
2972,2.495740,0.138652
2973,0.605391,0.020180
2974,0.110058,0.003145
2980,4.389800,0.258224
2983,0.015014,0.000653
2984,0.081834,0.003720
2985,0.063957,0.002284
2986,0.055491,0.003264
2989,0.044082,0.001633
2990,0.032614,0.002174
2991,0.019364,0.001019
2993,0.024221,0.001153
3004,7.490420,0.187261
3008,0.284353,0.002761
3009,0.052564,0.000553
3015,0.078624,0.002912
3023,0.011315,0.000419
3025,0.184837,0.006601
3026,0.011172,0.000310
3027,1.034520,0.073894
3028,0.034328,0.001271
3031,0.107768,0.003592
3032,0.046268,0.003085
3033,3.802210,0.200117
3034,0.049269,0.001589
3036,0.102764,0.006045
3037,0.147643,0.005906
3039,0.513856,0.019032
3040,0.350672,0.006046
3041,7.530570,0.209183
3042,0.094798,0.006320
3043,0.067439,0.003065
3047,0.257562,0.008881
3048,0.029177,0.001716
3049,0.039028,0.001858
3050,0.055192,0.004599
3051,0.187407,0.004358
3054,0.256098,0.013479
3058,23.468500,0.384729
3065,9.931340,0.763949
3072,0.028101,0.000611
3082,0.011365,0.000392
3090,0.018582,0.001429
3091,0.050870,0.002677
3094,3.100370,0.221455
3108,0.083777,0.003808
3109,0.111751,0.005588
3112,1.160120,0.012342
3124,0.047207,0.003147
3125,0.052167,0.005217
3127,0.485702,0.037362
3128,0.692638,0.034632
3129,0.425891,0.017036
3130,3.911800,0.150454
3133,0.016877,0.000804
3136,0.444176,0.018507
3138,0.099938,0.005260
3139,0.071887,0.002567
3140,0.146560,0.006107
3141,0.110640,0.003457
3142,0.382213,0.011241
3145,4.614680,0.074430
3146,0.019189,0.000914
3150,1.017630,0.078279
3151,0.535412,0.011639
3152,0.072187,0.005553
3154,2.075240,0.103762
3155,20.112700,0.744914
3157,0.381515,0.027251
3159,0.066735,0.004171
3160,0.404924,0.020246
3161,0.357387,0.025528
3162,0.014221,0.001185
3165,1.788770,0.052611
3166,0.012755,0.000255
3169,0.610826,0.024433
3171,2.695740,0.107829
3172,0.130772,0.009341
3173,16.717000,0.619150
3174,1.124410,0.059179
3176,0.323059,0.026922
3177,26.262300,1.641390
3178,0.109559,0.004763
3181,0.398153,0.026544
3234,0.028407,0.001353
3241,1.116680,0.042949
3246,0.036330,0.001580
3247,3.071280,0.153564
3248,10.421900,0.496281
3249,0.586155,0.032564
3253,0.018579,0.001161
3254,0.156298,0.005582
3258,0.044625,0.003433
3264,0.043928,0.001464
3266,0.037348,0.002334
3267,0.183095,0.012206
3268,0.037529,0.003412
3269,0.041800,0.002322
3270,0.132119,0.004719
3273,0.063762,0.004554
3274,0.028320,0.002360
3276,0.036889,0.003074
3277,0.017709,0.000537
3278,0.185982,0.016907
3279,0.231326,0.019277
3280,0.020736,0.001220
3281,0.016873,0.001298
3286,0.907991,0.069845
3289,0.098880,0.002472
3291,0.083398,0.001986
3296,0.611410,0.033967
3297,0.539098,0.023439
3302,0.152547,0.006102
3303,0.041184,0.002288
3304,0.042930,0.002259
3305,0.017934,0.001993
3309,0.144816,0.011140
3315,2.936320,0.172725
3327,0.029408,0.000717
3332,0.020597,0.001872
3333,0.026247,0.000847
3335,0.031522,0.001017
3344,0.229953,0.019163
3370,0.059345,0.003491
3373,0.031529,0.002627
3374,0.125201,0.011382
3375,0.224409,0.020401
3376,0.103926,0.005470
3377,0.081384,0.005087
3379,0.157761,0.012136
3380,1.881470,0.156789
3382,0.037938,0.002918
3383,0.066347,0.003016
3384,0.011896,0.000313
3385,0.029417,0.000981
3387,0.881721,0.025933
3388,1.672470,0.038011
3390,0.107001,0.007133
3391,0.073109,0.006646
3392,0.179420,0.009443
3395,0.040744,0.001852
3396,0.195091,0.013935
3406,0.019147,0.001197
3409,3.042070,0.104899
3412,1.421310,0.044416
3415,0.039444,0.001793
3416,2.068470,0.051712
3417,0.010089,0.000593
3418,0.186073,0.018607
3419,0.746484,0.016228
3421,0.093935,0.005526
3422,11.099700,0.443987
3423,0.291625,0.016201
3424,0.023453,0.001466
3426,12.805700,0.232832
3427,2.897000,0.103464
3430,0.098702,0.008973
3432,0.047523,0.003394
3434,0.127277,0.006364
3435,0.028554,0.002379
3445,0.065691,0.003457
3446,0.011093,0.000853
3447,0.011093,0.000924
3448,0.033679,0.002591
3449,0.196404,0.014029
3450,1.347590,0.039635
3452,1.513830,0.116449
3454,1.096540,0.030460
3459,0.015412,0.000514
3460,0.412657,0.012505
3466,32.647800,3.264780
3467,49.924700,1.349320
3468,61.877000,1.819910
3469,15.603900,1.040260
3474,0.400356,0.025022
3517,1.517160,0.068962
3518,0.020549,0.006850
3519,0.413422,0.037584
3524,0.104442,0.006963
3526,10.467700,0.402602
3529,0.061507,0.001984
3531,0.025067,0.001003
3537,0.909612,0.034985
3538,0.017973,0.000666
3539,1.869240,0.056644
3542,4.357640,0.242091
3546,0.032825,0.001824
3547,0.181228,0.003236
3550,0.198282,0.015252
3560,34.595400,1.572520
3561,103.683000,2.658550
3563,0.111447,0.004846
3565,0.100195,0.003711
3569,0.121507,0.003920
3572,0.114002,0.003800
3574,0.070310,0.002511
3576,0.035276,0.001138
3577,0.981404,0.011824
3578,28.286300,1.414310
3579,24.430900,0.698024
3582,0.046423,0.004220
3583,1.032690,0.079438
3586,0.887029,0.049279
3587,0.617739,0.038609
3588,0.493540,0.023502
3591,0.215005,0.008269
3592,0.745525,0.025708
3593,0.049203,0.003280
3594,0.548490,0.042192
3595,0.106443,0.006653
3596,4.183770,0.220199
3597,3.189820,0.245371
3598,0.034377,0.001809
3600,0.347240,0.020426
3605,0.077688,0.002590
3607,0.733307,0.031883
3611,0.026077,0.001087
3612,0.019902,0.002211
3613,0.013862,0.000866
3618,20.844200,0.595548
3619,0.013323,0.001332
3623,0.032866,0.001933
3624,0.590183,0.017884
3625,43.203500,1.028650
3628,0.051942,0.002078
3630,0.746553,0.049770
3638,0.078964,0.001253
3639,0.011257,0.000322
3640,0.127341,0.002830
3644,0.010615,0.000663
3649,27.641400,0.468499
3650,5.979120,0.149478
3651,1.044310,0.024865
3652,1.026290,0.015093
3653,0.878613,0.046243
3657,2.525420,0.194263
3658,4.023110,0.100578
3660,2.390290,0.099596
3661,0.976498,0.036167
3665,0.096157,0.005342
3666,0.014779,0.001232
3667,0.085583,0.004075
3670,0.014094,0.000829
3671,0.094718,0.006766
3673,0.258402,0.013600
3674,1.403060,0.017988
3675,0.666158,0.039186
3676,0.323379,0.017020
3677,0.048410,0.003724
3679,0.183976,0.009199
3680,0.558612,0.031034
3681,0.159445,0.007248
3682,21.084500,1.004020
3684,1.760340,0.176034
3685,0.136013,0.007159
3689,0.484182,0.032279
3695,0.011371,0.000406
3696,0.028214,0.002821
3699,0.010971,0.000406
3702,0.037370,0.001967
3703,0.262089,0.010080
3707,0.122521,0.004901
3710,8.034640,0.365211
3712,0.047210,0.001888
3713,13.018400,0.650922
3714,6.106140,0.407076
3715,11.531800,0.221764
3719,0.017500,0.000625
3724,0.026314,0.000711
3727,0.842747,0.060196
3728,0.135029,0.008439
3729,0.261358,0.018668
3730,0.234010,0.014626
3731,1.477660,0.054728
3735,1.973830,0.093992
3736,0.208657,0.010982
3737,0.400914,0.028637
3739,18.145000,1.649550
3740,0.368867,0.013174
3741,0.595925,0.022920
3753,0.206476,0.005434
3754,0.585826,0.036614
3755,0.037285,0.003107
3756,0.159683,0.012283
3757,0.117875,0.004366
3758,0.097392,0.005729
3759,0.060034,0.004618
3760,0.831102,0.019788
3761,0.133755,0.013376
3762,0.186494,0.005485
3763,0.105738,0.010574
3767,67.063800,2.579380
3769,0.158006,0.004647
3770,179.390000,6.899600
3771,0.515358,0.032210
3772,2.971770,0.212269
3773,0.201900,0.008413
3777,0.124645,0.003895
3779,0.069851,0.004366
3783,0.417363,0.024551
3784,0.342148,0.048878
3785,0.493705,0.024685
3786,0.104405,0.006141
3789,0.010317,0.000573
3790,0.238665,0.015911
3791,0.027366,0.001440
3793,0.038289,0.003191
3794,0.036094,0.001128
3799,13.483800,0.434963
3800,46.301000,0.625689
3801,102.713000,1.740900
3802,0.258645,0.007390
3803,0.022212,0.000766
3804,1.273500,0.031061
3805,0.159626,0.014511
3806,0.287112,0.015111
3807,0.046245,0.002434
3808,0.021098,0.000639
3809,0.106487,0.006655
3813,0.678216,0.024222
3814,0.032649,0.002332
3815,0.248469,0.013804
3817,0.183471,0.007645
3818,0.025703,0.002142
3819,0.034728,0.002043
3820,0.111840,0.003857
3821,0.215981,0.008999
3822,0.012699,0.001058
3823,0.092739,0.003435
3824,0.017131,0.001071
3826,0.013468,0.001347
3828,0.168573,0.016857
3830,0.309433,0.028130
3831,0.084110,0.004005
3832,0.057989,0.006443
3833,0.200195,0.006903
3842,0.013087,0.000467
3843,0.025092,0.001321
3845,0.063190,0.001109
3847,0.051377,0.002854
3849,0.067867,0.001616
3851,0.213860,0.011256
3852,0.208497,0.006950
3853,0.017495,0.000972
3857,0.046150,0.002715
3858,0.034230,0.002139
3859,0.404648,0.028903
3860,0.545174,0.025961
3862,0.107176,0.003349
3893,0.080514,0.003834
3894,0.057078,0.001214
3897,1.571500,0.056125
3898,0.902985,0.039260
3899,0.398269,0.018103
3900,0.075216,0.005786
3908,8.532230,0.853223
3909,0.228103,0.012005
3910,0.639745,0.015994
3912,0.013459,0.000264
3916,1.003070,0.047765
3918,0.450555,0.020480
3919,3.147600,0.157380
3920,0.029427,0.001279
3921,0.230698,0.012142
3922,46.669500,1.414230
3923,0.030402,0.002172
3925,0.309572,0.013460
3926,0.243534,0.018733
3931,1.092960,0.026658
3932,0.270151,0.027015
3936,1.261340,0.043494
3937,0.215331,0.013458
3938,0.016656,0.001110
3939,0.058544,0.003444
3941,0.252621,0.005875
3942,0.669267,0.013659
3943,1.052250,0.061897
3944,0.280797,0.014040
3945,1.299130,0.032478
3947,0.573544,0.071693
3949,2.160590,0.050246
3952,0.144756,0.002262
3955,0.043822,0.001217
3957,0.060632,0.002425
3958,0.315592,0.031559
3959,0.967916,0.042083
3960,0.862117,0.033158
3962,7.818620,0.094200
3963,1.223070,0.064372
3966,0.018806,0.001106
3968,0.013462,0.000962
3969,0.084308,0.008431
3971,0.305419,0.013883
3972,0.230787,0.010490
3973,0.019405,0.001213
3974,0.515416,0.012571
3975,0.168172,0.012936
3976,0.019589,0.000675
3977,0.081007,0.003375
3978,0.544900,0.009730
4002,17.577600,0.732401
4012,1.773860,0.059129
4013,3.338910,0.069561
4014,0.014691,0.000408
4016,0.011353,0.000277
4022,0.175663,0.006756
4028,0.238533,0.004417
4029,0.806329,0.028798
4032,0.072077,0.000961
4059,0.024891,0.001310
4060,0.111274,0.003179
4061,0.046400,0.001406
4064,23.535500,0.692220
4065,0.077254,0.003679
4070,0.141751,0.007875
4071,0.358866,0.017943
4072,0.260523,0.023684
4073,0.077488,0.002348
4076,0.164423,0.007830
4077,0.279884,0.010765
4079,0.046426,0.002731
4084,0.184918,0.005283
4096,0.011742,0.000255
4122,0.039137,0.001565
4124,0.704764,0.022024
4125,0.898480,0.019117
4153,2.697190,0.058635
4166,0.100149,0.004173
4168,49.952400,0.574165
4169,0.032579,0.001629
4170,1.360900,0.036781
4171,0.516384,0.014754
4172,0.067696,0.001302
4173,0.033896,0.002118
4174,2.305930,0.088689
4175,47.471600,1.438530
4176,5.050300,0.229559
4180,23.924600,0.664572
4181,19.370600,1.139450
4182,1.467090,0.023287
4185,0.447485,0.016574
4190,0.248161,0.019089
4191,1.233510,0.056069
4192,0.097567,0.005420
4194,0.119411,0.003619
4195,0.269618,0.015860
4196,0.824356,0.014462
4202,8.400920,0.064129
4203,1.917340,0.029498
4233,0.056823,0.002706
4234,0.592604,0.006584
4237,0.204718,0.018611
4240,0.064182,0.001035
4241,0.012605,0.000970
4243,0.026114,0.001244
4245,0.028320,0.002023
4246,0.082656,0.004350
4248,0.040943,0.000952
4253,0.825402,0.027513
4254,0.303660,0.008207
4259,20.041100,0.871354
4278,0.018558,0.001428
4321,0.627847,0.025114
4327,0.045475,0.005053
4328,0.146602,0.004442
4329,0.158766,0.013231
4330,0.130730,0.004217
4331,0.224515,0.009355
4339,0.139543,0.006977
4340,0.033013,0.003001
4341,0.010801,0.000600
4343,5.751860,0.442451
4344,0.618837,0.021339
4345,0.259210,0.011782
4349,0.155625,0.010375
4351,0.010859,0.000679
4352,0.033936,0.000870
4353,0.230523,0.015368
4354,0.038906,0.002993
4359,0.041043,0.001080
4370,0.013475,0.000385
4378,0.850866,0.010010
4379,0.016809,0.000494
4407,0.315466,0.011684
4408,0.275832,0.013135
4409,0.063518,0.001270
4415,0.012501,0.000962
4416,1.573240,0.047674
4418,0.030121,0.001159
4420,21.650500,0.721682
4421,0.017827,0.000557
4427,0.225804,0.011884
4435,22.315000,1.239720
4436,54.876600,1.407090
4438,66.068900,1.436280
4439,52.903100,1.706550
4442,0.257266,0.011694
4446,0.020500,0.001367
4447,0.033996,0.001360
4448,0.192685,0.012846
4449,0.413291,0.041329
4450,0.263794,0.011991
4453,1.070260,0.038224
4454,0.614648,0.055877
4455,0.148481,0.004499
4456,0.032484,0.001083
4459,0.126422,0.002528
4461,0.086121,0.003445
4462,0.027842,0.001740
4463,0.058683,0.002551
4464,0.134287,0.004196
4465,0.014349,0.001104
4467,0.017990,0.000529
4468,0.019347,0.000691
4474,4.752470,0.264026
4475,2.755270,0.098403
4476,1.265470,0.070304
4477,0.067772,0.007530
4478,0.159837,0.013320
4479,4.225870,0.071625
4480,0.047229,0.003149
4481,0.044282,0.003163
4499,0.224486,0.008314
4500,0.257226,0.012861
4501,1.096100,0.029624
4504,0.026906,0.000611
4505,0.023284,0.000597
4506,0.137734,0.004443
4508,0.043789,0.001413
4519,0.329906,0.012219
4524,0.017856,0.000893
4527,0.388182,0.021566
4528,0.827567,0.039408
4531,0.101754,0.006360
4533,15.863100,0.689699
4534,1.274100,0.043934
4543,0.038257,0.001417
4546,0.094243,0.003250
4547,0.031319,0.001648
4548,0.023008,0.000442
4553,0.249700,0.019208
4558,2.023210,0.101161
4560,0.106172,0.010617
4561,1.957370,0.108743
4562,0.020221,0.000316
4574,1.508570,0.048664
4576,0.165639,0.006135
4577,0.024019,0.000858
4578,0.064385,0.002012
4579,0.039036,0.000929
4599,0.363028,0.004595
4600,0.144081,0.004803
4605,0.085820,0.004517
4609,0.075585,0.001374
4610,0.011710,0.000651
4611,0.344300,0.008608
4619,0.137435,0.001762
4621,0.077638,0.002875
4622,0.162674,0.005084
4623,1.596810,0.033975
4624,0.038259,0.002551
4626,0.084337,0.009371
4632,3.851280,0.142640
4633,0.091176,0.008289
4634,0.180894,0.007537
4636,0.884082,0.028519
4639,5.253380,0.477580
4640,1.273140,0.057870
4641,0.437427,0.043743
4642,0.770107,0.010696
4643,0.876536,0.019921
4644,0.221572,0.013848
4647,0.537821,0.025611
4648,0.043620,0.004847
4666,0.014867,0.000425
4677,9.999920,0.454542
4678,7.402970,0.462685
4679,5.838310,0.119149
4687,0.014124,0.000831
4701,0.054180,0.002463
4706,0.029119,0.002912
4707,0.043418,0.003101
4713,0.015774,0.001753
4720,0.014384,0.000389
4728,0.017073,0.001067
4746,0.013678,0.000977
4753,7.500120,0.357149
4783,0.341283,0.017962
4786,0.490770,0.003531
4791,0.020502,0.001709
4793,0.342152,0.011037
4823,0.047692,0.003407
4839,0.019591,0.001781
4840,0.034216,0.001426
4842,0.014440,0.000849
4854,0.089864,0.001834
4857,0.015462,0.001189
4880,0.010095,0.000505
4895,0.029904,0.000935
4897,1.005640,0.071832
4898,2.876820,0.287682
4899,0.063490,0.002351
4907,0.105829,0.003649
4910,2.722850,0.226904
4911,0.831859,0.069322
4912,2.931460,0.139593
4913,3.136130,0.087115
4914,4.184460,0.209223
4915,2.243030,0.203911
4916,2.611060,0.145059
4917,3.969120,0.264608
4918,1.297020,0.081064
4935,0.097135,0.005714
4936,0.952725,0.079394
4937,1.342110,0.019737
4948,2.031490,0.065532
4952,0.319118,0.012274
4957,0.034673,0.001051
4958,0.108830,0.004947
4959,0.162828,0.013569
4963,0.039250,0.001570
4964,0.111252,0.004837
4966,0.115165,0.004799
4967,0.111737,0.004656
4968,42.748000,0.459656
4969,6.350770,0.529231
4978,0.151838,0.007230
4981,10.837400,0.309640
4982,4.159570,0.415957
4983,4.903820,0.272435
4984,0.093563,0.003898
4985,0.251403,0.022855
4986,115.632000,4.447390
4987,63.896800,1.521350
4988,104.211000,5.789490
4989,51.995200,1.444310
4993,30.492400,1.325760
4994,0.010526,0.000310
4998,0.024995,0.001136
4999,0.037821,0.002225
5001,0.010279,0.000270
5002,0.074231,0.001456
5005,0.067194,0.002317
5015,0.013454,0.001035
5016,0.107203,0.003573
5017,0.012763,0.000608
5019,0.149408,0.004150
5020,0.970620,0.040442
5024,0.046386,0.001784
5027,0.015154,0.000891
5032,0.010915,0.000195
5034,0.015156,0.000474
5038,5.754990,0.319722
5039,1.706980,0.081285
5040,0.225749,0.004803
5041,0.220126,0.020012
5042,0.038986,0.002437
5043,2.732310,0.101197
5044,0.147069,0.010505
5048,0.091312,0.003652
5049,0.082404,0.003924
5050,0.019028,0.000381
5053,0.034695,0.001577
5054,0.051479,0.001471
5063,0.227138,0.028392
5066,0.102046,0.001398
5071,0.012331,0.000771
5073,0.018871,0.001348
5074,0.018871,0.001258
5075,0.083548,0.004642
5079,0.012331,0.000771
5097,0.032337,0.000622
5098,0.044504,0.000489
5099,0.035837,0.000398
5115,0.041310,0.001087
5116,0.097881,0.004894
5117,0.055831,0.003284
5121,0.052269,0.002904
5122,0.163761,0.008188
5123,0.049507,0.001269
5126,0.031479,0.000828
5127,0.050723,0.002670
5128,4.157630,0.197982
5130,4.157630,0.230979
5131,0.330391,0.030036
5132,2.165330,0.113965
5139,4.551890,0.032747
5143,0.034771,0.001580
5145,0.015850,0.001132
5146,0.015850,0.001219
5147,1.211640,0.075728
5148,0.090043,0.003335
5149,0.482199,0.034443
5150,0.247876,0.007996
5151,4.326680,0.480742
5157,0.342412,0.006714
5158,2.759360,0.110374
5159,0.311847,0.009745
5162,2.209350,0.018723
5172,0.084181,0.002405
5180,0.054062,0.001864
5181,0.014925,0.000364
5187,0.055633,0.001987
5188,0.029819,0.000648
5193,1.502240,0.023845
5195,0.964600,0.038584
5197,0.015692,0.000872
5200,0.080471,0.002175
5201,0.146548,0.002617
5202,0.093286,0.001413
5203,0.085050,0.002299
5204,0.235594,0.004808
5207,0.044933,0.001498
5208,0.163749,0.009097
5213,0.107797,0.003593
5214,5.126600,0.165374
5215,0.908823,0.027540
5216,0.604929,0.027497
5218,0.025295,0.001054
5221,0.391143,0.005838
5229,0.045295,0.001618
5230,0.022732,0.000598
5233,26.814400,1.675900
5234,71.804300,2.991850
5237,0.133237,0.002019
5244,18.020800,0.581318
5245,0.125731,0.009672
5246,0.033933,0.002828
5247,0.099057,0.003002
5251,5.100320,0.062199
5263,0.678279,0.016149
5264,43.025300,0.651898
5266,0.485019,0.026946
5270,0.046313,0.001362
5271,0.050365,0.002190
5274,0.020033,0.000742
5280,0.088707,0.003059
5281,0.058077,0.002766
5282,0.713319,0.027435
5283,3.208510,0.160425
5286,0.146232,0.003323
5287,0.265908,0.005658
5288,0.085682,0.007140
5289,0.116516,0.002427
5291,0.074183,0.002748
5292,0.049125,0.002456
5293,0.018549,0.000431
5294,1.125280,0.030413
5295,1.602070,0.080103
5296,0.401958,0.028711
5301,90.719600,1.564130
5306,71.303800,1.208540
5320,0.038360,0.002398
5322,0.025791,0.000992
5323,0.086711,0.002065
5324,0.020803,0.001387
5326,0.145298,0.002076
5327,0.139682,0.005820
5331,0.222012,0.005163
5332,0.152016,0.012668
5335,0.017755,0.000772
5341,0.062541,0.001564
5342,0.212816,0.017735
5343,0.356701,0.016986
5344,0.066328,0.006633
5345,0.044719,0.002631
5347,0.025918,0.000518
5356,0.031296,0.001252
5379,0.366649,0.014666
5394,0.590958,0.014414
5395,1.565290,0.048915
5401,0.016036,0.001604
5403,0.611465,0.020382
5407,36.470200,0.528554
5412,14.077100,0.612046
5413,1.266080,0.017109
5421,0.031624,0.003162
5427,0.063178,0.002632
5429,0.085477,0.006105
5430,0.014195,0.001183
5432,0.031529,0.002866
5437,0.048462,0.001731
5439,1.942530,0.025560
5441,2.204780,0.088191
5442,0.247061,0.024706
5443,0.415879,0.007296
5444,0.108714,0.006395
5445,2.308650,0.079609
5446,1.079050,0.067440
5449,0.044577,0.003429
5450,0.132212,0.003673
5451,0.018376,0.001531
5454,0.043817,0.002434